session_id,category
1,carpenter
1,internet-setup
1,cleaner
1,movers
2,carpenter
2,painter
2,cleaner
2,electrician
3,carpenter
3,house-rental
3,cleaner
3,movers
4,carpenter
5,cleaner
6,house-rental
6,plumber
6,electrician
6,movers
7,cleaner
7,house-rental
7,electrician
7,movers
8,cleaner
8,house-rental
8,electrician
8,internet-setup
9,cleaner
9,movers
10,house-rental
10,plumber
10,electrician
10,movers
11,painter
12,painter
12,house-rental
12,cleaner
12,movers
13,cleaner
13,house-rental
13,electrician
13,internet-setup
14,house-rental
14,electrician
15,electrician
16,internet-setup
16,house-rental
16,painter
16,cleaner
17,internet-setup
18,house-rental
18,cleaner
19,cleaner
19,movers
20,carpenter
20,internet-setup
20,cleaner
20,movers
21,house-rental
21,cleaner
21,movers
22,plumber
23,cleaner
23,house-rental
23,plumber
23,electrician
24,house-rental
24,plumber
24,electrician
24,movers
25,internet-setup
25,house-rental
25,plumber
25,cleaner
26,painter
27,carpenter
27,electrician
28,electrician
29,house-rental
29,cleaner
29,movers
30,internet-setup
30,house-rental
30,plumber
30,movers
31,carpenter
31,electrician
32,carpenter
32,internet-setup
32,painter
32,electrician
33,carpenter
33,painter
34,cleaner
34,movers
35,house-rental
35,painter
35,movers
36,carpenter
36,internet-setup
36,cleaner
36,movers
37,internet-setup
38,plumber
38,cleaner
38,movers
39,carpenter
40,carpenter
40,painter
40,electrician
41,electrician
42,electrician
42,movers
43,carpenter
43,cleaner
43,movers
44,carpenter
44,painter
44,electrician
45,plumber
45,electrician
46,house-rental
46,cleaner
46,movers
47,house-rental
47,plumber
47,electrician
47,movers
48,carpenter
48,plumber
48,painter
49,house-rental
49,cleaner
50,plumber
51,internet-setup
52,house-rental
52,plumber
52,electrician
52,movers
53,carpenter
53,plumber
53,electrician
54,electrician
54,movers
55,electrician
55,movers
56,cleaner
56,plumber
56,electrician
56,movers
57,internet-setup
57,cleaner
57,movers
58,carpenter
58,plumber
58,painter
58,electrician
59,carpenter
59,plumber
60,carpenter
60,movers
61,internet-setup
61,house-rental
61,plumber
61,electrician
62,cleaner
62,movers
63,cleaner
64,carpenter
65,internet-setup
65,house-rental
65,plumber
65,movers
66,carpenter
66,cleaner
66,painter
67,house-rental
67,plumber
68,plumber
69,painter
69,house-rental
69,plumber
69,electrician
70,house-rental
70,plumber
70,electrician
70,movers
71,plumber
71,electrician
72,carpenter
72,plumber
72,electrician
73,house-rental
73,plumber
73,cleaner
74,carpenter
74,painter
75,house-rental
75,plumber
75,electrician
75,movers
76,plumber
77,internet-setup
78,carpenter
78,plumber
78,electrician
79,carpenter
79,painter
79,plumber
79,electrician
80,painter
81,carpenter
81,movers
82,carpenter
82,electrician
83,plumber
84,internet-setup
85,house-rental
85,cleaner
85,movers
86,plumber
87,plumber
87,electrician
88,plumber
88,electrician
89,house-rental
89,movers
90,plumber
91,carpenter
91,painter
92,painter
93,painter
93,cleaner
93,movers
94,carpenter
94,cleaner
95,internet-setup
95,cleaner
95,movers
96,carpenter
96,electrician
97,house-rental
97,cleaner
98,movers
99,cleaner
99,movers
100,carpenter
100,painter
101,carpenter
101,painter
102,plumber
102,cleaner
103,cleaner
103,house-rental
103,electrician
103,internet-setup
104,house-rental
104,plumber
104,cleaner
104,movers
105,internet-setup
105,movers
106,plumber
106,electrician
107,cleaner
108,internet-setup
108,house-rental
108,cleaner
108,movers
109,internet-setup
109,plumber
109,electrician
110,house-rental
110,plumber
110,electrician
110,movers
111,carpenter
111,house-rental
111,cleaner
111,movers
112,carpenter
112,plumber
112,electrician
113,carpenter
113,plumber
114,painter
114,cleaner
115,electrician
116,plumber
116,electrician
117,house-rental
117,plumber
117,movers
118,cleaner
119,carpenter
119,painter
120,house-rental
120,electrician
120,cleaner
120,movers
121,carpenter
121,plumber
122,house-rental
122,electrician
123,plumber
124,internet-setup
124,house-rental
124,cleaner
124,movers
125,cleaner
125,house-rental
125,plumber
125,electrician
126,cleaner
126,electrician
127,house-rental
127,plumber
127,cleaner
128,house-rental
128,plumber
128,cleaner
128,movers
129,plumber
129,electrician
130,carpenter
130,plumber
131,plumber
132,cleaner
132,plumber
132,electrician
133,carpenter
134,carpenter
134,painter
134,electrician
135,house-rental
135,plumber
135,electrician
135,movers
136,house-rental
136,plumber
136,electrician
136,movers
137,house-rental
137,electrician
138,carpenter
138,plumber
138,painter
139,internet-setup
140,internet-setup
140,house-rental
140,cleaner
140,movers
141,house-rental
141,plumber
141,cleaner
141,movers
142,carpenter
142,house-rental
142,plumber
143,house-rental
143,cleaner
144,plumber
145,plumber
146,carpenter
146,painter
146,electrician
147,cleaner
147,house-rental
147,plumber
147,electrician
148,internet-setup
148,house-rental
148,carpenter
149,internet-setup
149,house-rental
149,cleaner
150,internet-setup
150,house-rental
151,carpenter
151,house-rental
151,electrician
152,house-rental
152,plumber
153,plumber
153,electrician
154,painter
154,cleaner
155,house-rental
155,plumber
155,painter
155,movers
156,electrician
157,internet-setup
157,house-rental
157,cleaner
157,movers
158,cleaner
158,movers
159,painter
159,electrician
160,carpenter
160,internet-setup
160,movers
161,painter
162,plumber
163,plumber
163,cleaner
164,carpenter
164,painter
165,plumber
166,internet-setup
166,house-rental
166,movers
167,house-rental
167,plumber
167,electrician
167,movers
168,electrician
169,cleaner
169,plumber
169,electrician
170,house-rental
170,electrician
170,movers
171,carpenter
171,plumber
172,cleaner
173,cleaner
173,house-rental
173,plumber
173,electrician
174,carpenter
174,painter
175,internet-setup
175,house-rental
175,carpenter
175,cleaner
176,plumber
177,cleaner
177,plumber
177,electrician
178,painter
179,house-rental
179,plumber
179,electrician
179,movers
180,house-rental
180,movers
181,cleaner
181,movers
182,house-rental
182,electrician
183,house-rental
183,plumber
183,cleaner
183,movers
184,house-rental
184,plumber
184,painter
185,plumber
185,electrician
186,internet-setup
186,house-rental
186,plumber
186,cleaner
187,house-rental
187,plumber
187,painter
187,movers
188,cleaner
188,movers
189,house-rental
189,plumber
189,electrician
189,movers
190,internet-setup
190,house-rental
191,internet-setup
191,house-rental
191,electrician
191,movers
192,plumber
193,plumber
194,internet-setup
194,electrician
195,plumber
196,cleaner
197,house-rental
197,plumber
197,electrician
197,movers
198,internet-setup
198,house-rental
198,movers
199,internet-setup
200,cleaner
201,cleaner
201,house-rental
201,electrician
201,movers
202,cleaner
202,house-rental
202,electrician
202,movers
203,carpenter
203,painter
203,electrician
204,plumber
204,electrician
205,internet-setup
205,house-rental
205,movers
206,electrician
207,painter
207,house-rental
207,cleaner
207,movers
208,electrician
209,painter
209,electrician
210,carpenter
210,house-rental
210,plumber
210,electrician
211,plumber
211,electrician
212,house-rental
212,plumber
212,electrician
213,carpenter
213,electrician
214,plumber
214,cleaner
215,internet-setup
215,house-rental
215,electrician
216,house-rental
216,movers
217,house-rental
217,plumber
217,electrician
218,carpenter
218,painter
218,electrician
219,electrician
220,carpenter
220,house-rental
220,plumber
220,cleaner
221,internet-setup
221,house-rental
221,plumber
222,internet-setup
222,house-rental
222,cleaner
222,movers
223,cleaner
223,plumber
223,electrician
224,cleaner
224,house-rental
224,electrician
224,internet-setup
225,electrician
226,carpenter
226,cleaner
226,plumber
226,electrician
227,plumber
228,cleaner
228,house-rental
228,electrician
228,internet-setup
229,internet-setup
230,carpenter
230,painter
231,house-rental
231,plumber
231,electrician
231,movers
232,internet-setup
232,house-rental
232,plumber
232,movers
233,carpenter
233,movers
234,carpenter
234,plumber
234,electrician
235,painter
235,plumber
235,electrician
236,internet-setup
237,painter
237,electrician
238,carpenter
238,painter
239,cleaner
239,house-rental
239,electrician
239,movers
240,painter
241,house-rental
241,movers
242,painter
242,electrician
243,plumber
244,carpenter
244,internet-setup
244,electrician
245,internet-setup
245,plumber
246,carpenter
246,electrician
247,cleaner
248,cleaner
248,house-rental
248,electrician
248,internet-setup
249,house-rental
249,plumber
249,cleaner
249,movers
250,painter
250,house-rental
250,plumber
250,cleaner
251,house-rental
251,plumber
251,cleaner
251,movers
252,house-rental
252,cleaner
253,house-rental
253,plumber
253,electrician
253,movers
254,internet-setup
254,house-rental
254,cleaner
254,movers
255,carpenter
255,house-rental
255,painter
256,carpenter
257,painter
257,plumber
257,electrician
258,cleaner
259,electrician
260,painter
260,house-rental
260,cleaner
261,plumber
261,electrician
262,internet-setup
263,plumber
264,carpenter
264,painter
264,electrician
265,painter
265,plumber
265,electrician
266,house-rental
266,plumber
267,carpenter
267,house-rental
267,plumber
267,cleaner
268,internet-setup
269,internet-setup
269,house-rental
269,cleaner
269,movers
270,house-rental
270,plumber
270,painter
271,internet-setup
271,painter
271,movers
272,house-rental
272,cleaner
272,movers
273,cleaner
274,cleaner
275,painter
275,electrician
276,house-rental
276,electrician
276,movers
277,plumber
278,carpenter
279,cleaner
279,house-rental
279,plumber
279,electrician
280,house-rental
280,cleaner
281,carpenter
281,house-rental
281,electrician
281,movers
282,carpenter
282,painter
282,electrician
283,plumber
283,cleaner
284,carpenter
284,plumber
285,house-rental
285,cleaner
285,movers
286,carpenter
286,cleaner
286,painter
287,plumber
287,electrician
288,house-rental
288,plumber
288,electrician
288,movers
289,carpenter
289,plumber
290,house-rental
290,plumber
290,electrician
291,carpenter
291,painter
291,electrician
292,carpenter
292,painter
293,cleaner
293,house-rental
293,electrician
293,movers
294,house-rental
294,plumber
294,electrician
294,movers
295,carpenter
295,painter
296,house-rental
296,plumber
296,cleaner
296,movers
297,electrician
298,cleaner
298,house-rental
298,painter
298,electrician
299,house-rental
299,plumber
299,painter
299,movers
300,house-rental
300,plumber
300,electrician
301,internet-setup
301,movers
302,cleaner
302,house-rental
302,electrician
302,movers
303,carpenter
304,house-rental
304,plumber
304,electrician
305,internet-setup
305,house-rental
305,plumber
306,internet-setup
306,house-rental
307,carpenter
307,painter
307,plumber
307,electrician
308,internet-setup
308,house-rental
308,painter
308,movers
309,movers
310,internet-setup
310,house-rental
310,cleaner
311,carpenter
311,electrician
312,internet-setup
313,internet-setup
313,movers
314,house-rental
314,plumber
314,electrician
314,movers
315,cleaner
316,cleaner
316,house-rental
316,electrician
316,movers
317,carpenter
317,painter
318,carpenter
318,house-rental
318,cleaner
318,movers
319,internet-setup
319,house-rental
319,movers
320,house-rental
320,plumber
320,electrician
320,movers
321,carpenter
321,internet-setup
321,plumber
322,plumber
322,electrician
323,carpenter
323,electrician
324,plumber
325,house-rental
325,movers
326,house-rental
326,electrician
326,movers
327,plumber
327,electrician
328,cleaner
329,carpenter
329,internet-setup
329,cleaner
329,movers
330,carpenter
330,internet-setup
330,movers
331,house-rental
331,plumber
331,electrician
332,cleaner
332,house-rental
332,electrician
332,movers
333,carpenter
334,carpenter
334,painter
334,electrician
335,internet-setup
335,house-rental
335,cleaner
336,internet-setup
337,internet-setup
337,electrician
337,cleaner
337,movers
338,internet-setup
338,house-rental
339,carpenter
339,plumber
339,electrician
340,carpenter
340,painter
341,house-rental
341,cleaner
341,movers
342,carpenter
342,movers
343,plumber
344,carpenter
344,electrician
345,carpenter
345,plumber
345,electrician
346,house-rental
346,plumber
347,carpenter
347,plumber
347,electrician
348,house-rental
348,plumber
348,cleaner
349,house-rental
349,electrician
349,movers
350,carpenter
350,painter
351,plumber
351,electrician
352,carpenter
352,painter
352,electrician
353,cleaner
354,carpenter
354,house-rental
354,plumber
354,cleaner
355,house-rental
355,plumber
355,electrician
355,movers
356,cleaner
356,house-rental
356,plumber
356,electrician
357,cleaner
357,house-rental
357,plumber
357,electrician
358,internet-setup
358,house-rental
358,carpenter
359,carpenter
359,painter
359,house-rental
359,electrician
360,house-rental
360,electrician
361,painter
361,electrician
362,painter
362,cleaner
363,carpenter
363,plumber
363,electrician
364,internet-setup
364,movers
365,plumber
366,house-rental
366,electrician
367,cleaner
367,plumber
367,electrician
368,internet-setup
368,plumber
368,cleaner
369,house-rental
369,movers
370,plumber
371,carpenter
371,plumber
371,cleaner
372,internet-setup
373,cleaner
374,carpenter
374,plumber
375,painter
376,cleaner
376,movers
377,electrician
378,internet-setup
378,house-rental
378,cleaner
378,movers
379,internet-setup
379,house-rental
379,plumber
379,cleaner
380,internet-setup
380,house-rental
380,painter
380,movers
381,carpenter
382,house-rental
382,electrician
383,cleaner
384,house-rental
384,plumber
384,electrician
384,movers
385,plumber
385,electrician
386,movers
387,carpenter
387,plumber
387,electrician
388,carpenter
388,electrician
389,electrician
390,internet-setup
390,carpenter
390,movers
391,house-rental
391,movers
392,cleaner
392,movers
393,cleaner
393,house-rental
393,electrician
393,movers
394,movers
395,house-rental
395,plumber
395,painter
395,movers
396,electrician
397,carpenter
397,plumber
397,electrician
398,painter
398,electrician
399,internet-setup
400,internet-setup
400,house-rental
400,plumber
401,carpenter
401,painter
401,plumber
401,electrician
402,painter
402,cleaner
403,house-rental
403,cleaner
403,movers
404,electrician
405,electrician
406,house-rental
407,carpenter
407,plumber
408,house-rental
408,plumber
409,carpenter
409,cleaner
409,plumber
409,electrician
410,carpenter
410,internet-setup
410,cleaner
410,movers
411,house-rental
411,cleaner
411,movers
412,carpenter
412,painter
412,electrician
413,cleaner
413,house-rental
413,electrician
413,movers
414,internet-setup
414,house-rental
414,cleaner
414,movers
415,painter
416,cleaner
417,cleaner
417,house-rental
417,plumber
417,electrician
418,house-rental
418,cleaner
419,carpenter
419,plumber
420,house-rental
420,cleaner
420,movers
421,internet-setup
421,house-rental
421,cleaner
421,movers
422,internet-setup
422,house-rental
422,movers
423,house-rental
423,movers
424,house-rental
424,movers
425,house-rental
425,plumber
425,cleaner
425,movers
426,internet-setup
426,house-rental
427,plumber
428,carpenter
428,internet-setup
428,house-rental
428,movers
429,internet-setup
429,house-rental
429,plumber
429,electrician
430,house-rental
430,electrician
431,internet-setup
431,house-rental
431,plumber
431,cleaner
432,carpenter
432,plumber
432,electrician
433,internet-setup
433,cleaner
434,internet-setup
434,house-rental
434,cleaner
434,electrician
435,carpenter
435,painter
435,electrician
436,internet-setup
437,cleaner
437,house-rental
437,electrician
437,movers
438,internet-setup
439,painter
440,cleaner
441,cleaner
441,house-rental
441,electrician
441,movers
442,house-rental
442,plumber
442,electrician
442,movers
443,internet-setup
443,cleaner
443,movers
444,carpenter
444,plumber
444,electrician
445,carpenter
445,painter
446,plumber
446,cleaner
447,internet-setup
447,house-rental
448,house-rental
448,plumber
448,cleaner
449,house-rental
449,electrician
450,cleaner
450,house-rental
450,electrician
450,movers
451,house-rental
451,painter
452,cleaner
452,house-rental
452,electrician
452,movers
453,carpenter
453,electrician
454,internet-setup
454,house-rental
454,plumber
455,house-rental
455,cleaner
456,painter
456,plumber
456,electrician
456,movers
457,carpenter
457,painter
457,plumber
457,electrician
458,electrician
459,internet-setup
460,carpenter
460,house-rental
460,electrician
460,movers
461,house-rental
461,plumber
461,electrician
461,movers
462,house-rental
462,cleaner
462,movers
463,carpenter
463,electrician
464,carpenter
464,house-rental
464,plumber
464,cleaner
465,plumber
466,internet-setup
466,house-rental
466,plumber
466,carpenter
467,carpenter
467,internet-setup
467,cleaner
467,movers
468,house-rental
468,plumber
468,movers
469,painter
469,electrician
470,cleaner
471,carpenter
471,painter
471,electrician
472,house-rental
472,plumber
472,electrician
472,movers
473,house-rental
473,plumber
473,electrician
474,plumber
475,house-rental
475,plumber
475,cleaner
475,movers
476,plumber
477,internet-setup
477,movers
478,carpenter
478,plumber
478,painter
478,electrician
479,painter
479,electrician
480,house-rental
480,cleaner
481,carpenter
481,plumber
481,electrician
482,cleaner
483,internet-setup
483,electrician
484,cleaner
484,movers
485,internet-setup
485,cleaner
485,movers
486,carpenter
487,cleaner
487,electrician
488,house-rental
488,plumber
488,electrician
488,movers
489,cleaner
489,house-rental
489,electrician
489,movers
490,carpenter
490,internet-setup
490,movers
491,cleaner
491,house-rental
491,electrician
491,movers
492,plumber
492,cleaner
493,house-rental
493,plumber
493,cleaner
493,movers
494,cleaner
494,movers
495,internet-setup
495,painter
495,house-rental
495,electrician
496,painter
496,cleaner
496,movers
497,carpenter
497,house-rental
497,plumber
498,house-rental
498,cleaner
498,electrician
499,carpenter
499,house-rental
499,cleaner
499,movers
500,painter
500,electrician
500,movers
501,plumber
501,electrician
502,internet-setup
502,house-rental
503,electrician
504,cleaner
504,house-rental
504,painter
504,electrician
505,painter
505,electrician
506,electrician
507,house-rental
507,cleaner
507,movers
508,cleaner
509,cleaner
509,house-rental
509,electrician
509,movers
510,house-rental
510,electrician
511,cleaner
511,house-rental
511,plumber
511,electrician
512,electrician
513,plumber
514,carpenter
514,electrician
515,cleaner
515,movers
516,cleaner
517,plumber
518,plumber
518,electrician
519,carpenter
519,electrician
520,internet-setup
520,house-rental
520,electrician
520,movers
521,house-rental
521,plumber
522,carpenter
522,movers
523,carpenter
523,painter
523,electrician
524,house-rental
524,cleaner
525,internet-setup
525,house-rental
525,plumber
525,cleaner
526,house-rental
526,plumber
526,cleaner
527,cleaner
527,painter
527,electrician
528,electrician
529,cleaner
530,carpenter
530,painter
530,electrician
531,movers
532,plumber
532,electrician
532,movers
533,painter
533,cleaner
534,plumber
534,cleaner
535,internet-setup
535,cleaner
535,movers
536,house-rental
536,plumber
536,electrician
536,movers
537,carpenter
537,internet-setup
537,movers
538,internet-setup
538,cleaner
538,movers
539,movers
540,plumber
540,electrician
541,carpenter
542,carpenter
542,electrician
543,cleaner
544,cleaner
545,plumber
545,cleaner
546,electrician
546,cleaner
546,movers
547,plumber
547,electrician
548,cleaner
548,house-rental
548,electrician
548,movers
549,painter
549,electrician
550,plumber
550,electrician
551,internet-setup
551,house-rental
551,cleaner
551,movers
552,cleaner
553,cleaner
553,house-rental
553,electrician
553,movers
554,house-rental
554,cleaner
555,cleaner
555,movers
556,plumber
556,cleaner
557,plumber
558,house-rental
558,plumber
558,electrician
558,movers
559,painter
560,carpenter
560,painter
560,electrician
561,cleaner
562,cleaner
562,movers
563,internet-setup
563,house-rental
563,plumber
563,electrician
564,internet-setup
565,internet-setup
566,internet-setup
566,house-rental
566,cleaner
566,movers
567,house-rental
567,plumber
567,electrician
567,movers
568,carpenter
568,painter
568,plumber
568,electrician
569,internet-setup
570,internet-setup
571,cleaner
571,house-rental
571,electrician
571,internet-setup
572,house-rental
572,plumber
572,cleaner
572,movers
573,carpenter
573,painter
574,cleaner
574,movers
575,internet-setup
575,movers
576,plumber
576,cleaner
577,plumber
578,painter
578,house-rental
578,cleaner
579,plumber
579,electrician
580,electrician
581,plumber
581,cleaner
582,house-rental
582,plumber
582,cleaner
582,movers
583,painter
583,electrician
584,electrician
585,carpenter
585,plumber
585,electrician
586,carpenter
586,plumber
586,electrician
587,electrician
588,house-rental
588,plumber
589,plumber
589,electrician
590,internet-setup
590,cleaner
590,movers
591,internet-setup
591,movers
592,internet-setup
592,house-rental
592,plumber
592,cleaner
593,cleaner
594,internet-setup
594,house-rental
594,painter
594,cleaner
595,house-rental
595,plumber
595,cleaner
595,movers
596,internet-setup
597,plumber
598,painter
598,house-rental
598,plumber
598,cleaner
599,plumber
599,movers
600,internet-setup
600,plumber
600,cleaner
600,movers
601,plumber
602,cleaner
602,house-rental
602,plumber
602,electrician
603,house-rental
603,cleaner
604,painter
604,electrician
605,plumber
606,painter
606,electrician
607,carpenter
607,electrician
608,house-rental
608,plumber
608,cleaner
609,painter
609,plumber
609,electrician
610,movers
611,house-rental
611,plumber
611,electrician
611,movers
612,internet-setup
613,carpenter
613,painter
613,plumber
613,electrician
614,plumber
614,electrician
615,house-rental
615,plumber
615,electrician
615,movers
616,cleaner
617,internet-setup
618,carpenter
618,internet-setup
618,plumber
618,electrician
619,plumber
619,cleaner
620,house-rental
620,plumber
620,cleaner
620,movers
621,painter
621,electrician
622,carpenter
622,house-rental
622,electrician
623,painter
623,electrician
624,house-rental
624,plumber
624,electrician
624,movers
625,carpenter
625,house-rental
625,cleaner
625,movers
626,cleaner
626,house-rental
626,electrician
627,carpenter
627,painter
628,cleaner
628,house-rental
628,electrician
628,internet-setup
629,carpenter
629,painter
629,electrician
630,internet-setup
631,painter
631,plumber
631,electrician
632,internet-setup
632,house-rental
632,movers
633,plumber
634,carpenter
634,plumber
635,house-rental
635,plumber
635,electrician
635,movers
636,house-rental
636,cleaner
637,house-rental
637,plumber
637,electrician
638,painter
639,house-rental
639,plumber
639,electrician
639,movers
640,internet-setup
641,carpenter
641,painter
642,cleaner
642,house-rental
642,electrician
642,internet-setup
643,carpenter
643,plumber
643,electrician
644,internet-setup
644,house-rental
644,electrician
644,movers
645,painter
645,electrician
646,internet-setup
646,house-rental
646,movers
647,cleaner
647,movers
648,cleaner
648,house-rental
648,plumber
648,electrician
649,internet-setup
649,house-rental
649,plumber
649,electrician
650,internet-setup
650,house-rental
650,cleaner
650,movers
651,cleaner
652,cleaner
652,house-rental
652,electrician
652,movers
653,carpenter
653,electrician
654,house-rental
654,cleaner
655,carpenter
655,plumber
655,electrician
655,movers
656,internet-setup
656,house-rental
657,carpenter
657,internet-setup
657,house-rental
657,movers
658,electrician
659,carpenter
659,painter
660,plumber
661,carpenter
661,plumber
661,painter
662,internet-setup
662,electrician
663,carpenter
664,plumber
665,cleaner
665,house-rental
665,painter
665,electrician
666,cleaner
666,house-rental
666,electrician
666,movers
667,carpenter
667,painter
667,electrician
668,painter
668,electrician
669,carpenter
669,electrician
670,painter
671,painter
671,cleaner
671,movers
672,plumber
673,house-rental
674,carpenter
675,internet-setup
676,plumber
677,painter
677,house-rental
677,cleaner
678,carpenter
678,internet-setup
678,cleaner
678,movers
679,plumber
680,carpenter
680,electrician
681,internet-setup
682,cleaner
682,house-rental
682,plumber
682,electrician
683,cleaner
684,plumber
684,electrician
685,carpenter
685,house-rental
685,painter
685,movers
686,electrician
687,painter
688,electrician
689,house-rental
689,plumber
689,electrician
690,internet-setup
691,cleaner
691,house-rental
691,plumber
691,electrician
692,painter
692,electrician
693,cleaner
693,house-rental
693,electrician
693,movers
694,plumber
694,electrician
695,carpenter
695,movers
696,carpenter
696,electrician
697,cleaner
698,house-rental
698,plumber
698,electrician
699,cleaner
699,movers
700,plumber
701,cleaner
701,plumber
701,electrician
702,carpenter
702,plumber
702,electrician
703,cleaner
703,house-rental
703,plumber
703,electrician
704,house-rental
704,plumber
704,electrician
704,movers
705,house-rental
705,plumber
705,cleaner
705,movers
706,house-rental
706,plumber
706,cleaner
706,movers
707,carpenter
707,movers
708,carpenter
708,cleaner
708,plumber
708,electrician
709,plumber
710,carpenter
710,painter
710,plumber
710,electrician
711,house-rental
711,cleaner
711,movers
712,painter
712,house-rental
712,plumber
712,electrician
713,movers
714,movers
715,internet-setup
715,house-rental
716,electrician
717,cleaner
718,carpenter
718,painter
718,electrician
719,internet-setup
719,house-rental
719,movers
720,carpenter
720,electrician
721,painter
721,electrician
722,internet-setup
722,house-rental
722,movers
723,plumber
723,electrician
724,electrician
725,carpenter
725,plumber
725,electrician
726,carpenter
726,painter
726,electrician
727,house-rental
727,movers
728,internet-setup
728,house-rental
728,electrician
729,painter
729,plumber
729,electrician
730,internet-setup
730,house-rental
730,cleaner
731,cleaner
731,house-rental
731,electrician
731,movers
732,carpenter
732,cleaner
732,movers
733,internet-setup
733,house-rental
733,movers
734,cleaner
734,house-rental
734,electrician
734,internet-setup
735,painter
735,house-rental
735,cleaner
736,internet-setup
736,movers
737,carpenter
737,house-rental
737,electrician
737,movers
738,cleaner
738,house-rental
738,electrician
739,carpenter
739,painter
740,house-rental
740,plumber
740,cleaner
740,movers
741,carpenter
742,plumber
743,internet-setup
744,house-rental
744,plumber
744,electrician
745,internet-setup
745,house-rental
745,movers
746,carpenter
746,plumber
746,electrician
747,house-rental
747,plumber
747,electrician
747,movers
748,house-rental
748,plumber
748,electrician
748,movers
749,house-rental
749,plumber
749,electrician
750,carpenter
750,painter
750,electrician
751,house-rental
751,plumber
751,electrician
751,movers
752,plumber
752,electrician
753,internet-setup
753,house-rental
753,plumber
753,cleaner
754,house-rental
754,plumber
755,internet-setup
755,movers
756,cleaner
756,house-rental
756,electrician
757,carpenter
757,house-rental
757,plumber
758,cleaner
759,carpenter
759,plumber
760,cleaner
760,house-rental
760,electrician
760,movers
761,internet-setup
761,cleaner
761,movers
762,house-rental
762,plumber
762,cleaner
763,cleaner
763,house-rental
763,electrician
763,movers
764,cleaner
764,movers
765,carpenter
765,movers
766,internet-setup
766,plumber
766,movers
767,internet-setup
767,house-rental
767,cleaner
767,movers
768,cleaner
768,house-rental
768,electrician
768,movers
769,carpenter
770,painter
771,carpenter
771,painter
771,electrician
772,cleaner
772,internet-setup
772,plumber
772,electrician
773,electrician
774,house-rental
774,plumber
774,cleaner
774,movers
775,cleaner
775,house-rental
775,electrician
775,movers
776,cleaner
776,movers
777,painter
777,plumber
777,electrician
778,carpenter
778,plumber
778,electrician
779,internet-setup
779,electrician
780,internet-setup
780,house-rental
780,plumber
781,house-rental
781,plumber
781,electrician
781,movers
782,house-rental
782,cleaner
782,movers
783,cleaner
783,house-rental
783,electrician
784,movers
785,painter
785,house-rental
785,electrician
786,house-rental
786,painter
787,plumber
788,cleaner
788,house-rental
788,plumber
788,electrician
789,electrician
790,cleaner
790,movers
791,carpenter
791,house-rental
791,painter
792,carpenter
792,internet-setup
793,carpenter
794,house-rental
794,plumber
794,movers
795,cleaner
795,house-rental
795,electrician
795,movers
796,internet-setup
796,house-rental
796,plumber
796,painter
797,house-rental
797,cleaner
798,cleaner
798,house-rental
798,electrician
798,movers
799,plumber
799,cleaner
800,carpenter
800,painter
801,carpenter
801,plumber
801,electrician
802,carpenter
802,electrician
803,electrician
804,cleaner
804,movers
805,house-rental
805,plumber
805,cleaner
806,house-rental
806,plumber
807,carpenter
807,plumber
807,electrician
808,painter
808,electrician
809,house-rental
809,plumber
809,electrician
809,movers
810,plumber
810,electrician
811,carpenter
811,cleaner
812,internet-setup
813,internet-setup
814,cleaner
814,house-rental
814,electrician
814,movers
815,plumber
815,electrician
816,cleaner
816,house-rental
816,electrician
817,internet-setup
817,movers
818,internet-setup
818,cleaner
818,movers
819,painter
819,cleaner
820,internet-setup
820,house-rental
820,movers
821,plumber
821,electrician
822,house-rental
822,cleaner
822,movers
823,internet-setup
823,house-rental
823,carpenter
823,electrician
824,cleaner
825,house-rental
825,plumber
825,cleaner
825,movers
826,house-rental
826,plumber
827,cleaner
827,movers
828,cleaner
828,house-rental
828,electrician
829,house-rental
829,plumber
829,cleaner
829,movers
830,plumber
830,electrician
831,house-rental
831,electrician
832,house-rental
832,cleaner
833,cleaner
833,movers
834,plumber
834,cleaner
835,cleaner
835,movers
836,internet-setup
836,house-rental
836,electrician
836,movers
837,internet-setup
837,house-rental
837,movers
838,carpenter
838,house-rental
838,cleaner
838,movers
839,carpenter
839,house-rental
839,movers
840,electrician
841,internet-setup
841,house-rental
841,electrician
842,internet-setup
842,plumber
842,cleaner
842,movers
843,plumber
843,electrician
844,internet-setup
845,carpenter
845,electrician
846,carpenter
846,house-rental
846,plumber
846,movers
847,carpenter
847,electrician
848,house-rental
848,electrician
848,movers
849,electrician
850,cleaner
850,house-rental
850,electrician
850,internet-setup
851,cleaner
851,house-rental
851,electrician
851,internet-setup
852,house-rental
852,movers
853,plumber
853,cleaner
854,painter
855,carpenter
855,house-rental
855,cleaner
856,plumber
856,electrician
857,plumber
857,electrician
858,carpenter
858,house-rental
858,plumber
858,electrician
859,cleaner
860,cleaner
860,house-rental
860,electrician
861,cleaner
861,movers
862,cleaner
862,house-rental
862,plumber
862,electrician
863,carpenter
863,house-rental
863,movers
864,internet-setup
864,house-rental
864,plumber
865,plumber
866,carpenter
866,painter
866,electrician
867,house-rental
867,plumber
868,plumber
869,carpenter
870,carpenter
870,plumber
870,electrician
871,cleaner
871,house-rental
871,electrician
871,internet-setup
872,house-rental
872,plumber
872,cleaner
872,movers
873,house-rental
873,plumber
873,electrician
873,movers
874,house-rental
874,plumber
874,cleaner
874,movers
875,carpenter
875,painter
875,electrician
876,cleaner
877,painter
878,house-rental
878,plumber
878,electrician
878,movers
879,carpenter
879,electrician
880,cleaner
881,carpenter
881,plumber
881,electrician
882,carpenter
883,movers
884,movers
885,carpenter
885,electrician
886,house-rental
886,cleaner
887,house-rental
887,plumber
888,carpenter
888,plumber
888,electrician
889,internet-setup
889,house-rental
889,plumber
889,movers
890,electrician
891,plumber
892,carpenter
892,plumber
892,painter
892,electrician
893,cleaner
893,house-rental
893,electrician
894,house-rental
894,electrician
894,movers
895,plumber
895,electrician
896,carpenter
896,cleaner
896,movers
897,carpenter
897,internet-setup
897,cleaner
897,movers
898,painter
898,house-rental
898,electrician
899,cleaner
899,house-rental
899,electrician
899,movers
900,cleaner
900,house-rental
900,electrician
901,internet-setup
901,movers
902,internet-setup
902,movers
903,house-rental
903,plumber
904,plumber
904,electrician
905,cleaner
906,house-rental
906,cleaner
907,cleaner
907,house-rental
907,carpenter
907,electrician
908,painter
908,electrician
909,carpenter
910,cleaner
911,house-rental
911,cleaner
911,movers
912,carpenter
912,painter
912,electrician
913,internet-setup
913,house-rental
913,plumber
913,electrician
914,house-rental
914,plumber
915,internet-setup
915,house-rental
915,plumber
916,house-rental
916,plumber
916,electrician
916,movers
917,house-rental
917,cleaner
918,cleaner
918,house-rental
918,plumber
918,electrician
919,carpenter
919,painter
920,cleaner
920,movers
921,internet-setup
921,house-rental
921,cleaner
921,movers
922,internet-setup
922,movers
923,electrician
924,plumber
924,electrician
925,plumber
926,carpenter
926,house-rental
926,plumber
926,movers
927,electrician
928,house-rental
928,cleaner
928,movers
929,carpenter
929,plumber
929,electrician
930,painter
930,electrician
931,carpenter
932,carpenter
932,plumber
933,plumber
933,electrician
934,carpenter
934,painter
935,cleaner
935,house-rental
935,electrician
935,movers
936,house-rental
936,cleaner
936,movers
937,painter
937,cleaner
938,electrician
939,cleaner
939,movers
940,electrician
941,carpenter
941,painter
942,house-rental
942,plumber
942,electrician
942,movers
943,house-rental
943,plumber
943,cleaner
943,movers
944,carpenter
944,plumber
944,electrician
945,internet-setup
945,movers
946,carpenter
946,movers
947,house-rental
947,plumber
947,electrician
948,cleaner
949,house-rental
949,plumber
949,electrician
949,movers
950,carpenter
950,cleaner
950,movers
951,carpenter
952,house-rental
952,plumber
953,carpenter
953,plumber
953,movers
954,movers
955,house-rental
955,plumber
955,cleaner
955,movers
956,carpenter
956,plumber
957,cleaner
957,house-rental
957,plumber
957,electrician
958,internet-setup
959,house-rental
959,cleaner
959,movers
960,cleaner
961,house-rental
961,electrician
962,carpenter
962,plumber
963,house-rental
963,plumber
963,electrician
963,movers
964,carpenter
964,cleaner
964,painter
965,electrician
966,carpenter
966,electrician
967,carpenter
968,painter
968,electrician
969,carpenter
969,house-rental
969,cleaner
969,movers
970,plumber
970,electrician
971,cleaner
971,house-rental
971,electrician
971,movers
972,internet-setup
972,carpenter
972,movers
973,carpenter
973,internet-setup
973,painter
974,house-rental
974,painter
974,movers
975,cleaner
975,house-rental
975,plumber
975,electrician
976,internet-setup
976,house-rental
976,plumber
976,electrician
977,plumber
978,internet-setup
979,electrician
980,plumber
980,movers
981,internet-setup
981,house-rental
981,plumber
981,cleaner
982,house-rental
982,plumber
982,electrician
983,carpenter
983,painter
984,painter
984,electrician
985,carpenter
986,internet-setup
986,house-rental
986,movers
987,carpenter
987,movers
987,painter
987,electrician
988,cleaner
988,house-rental
988,electrician
988,movers
989,house-rental
989,plumber
990,carpenter
990,plumber
990,painter
990,electrician
991,plumber
991,electrician
992,house-rental
992,movers
993,house-rental
993,plumber
993,cleaner
993,movers
994,house-rental
994,plumber
994,cleaner
994,movers
995,movers
996,carpenter
997,house-rental
997,cleaner
997,movers
998,house-rental
998,plumber
998,electrician
999,electrician
1000,house-rental
1000,plumber
1000,electrician
1000,movers
1001,internet-setup
1001,movers
1002,carpenter
1002,movers
1003,house-rental
1003,plumber
1003,cleaner
1003,movers
1004,carpenter
1004,painter
1004,plumber
1004,electrician
1005,movers
1006,carpenter
1006,cleaner
1006,plumber
1006,electrician
1007,cleaner
1007,electrician
1008,cleaner
1008,movers
1009,internet-setup
1009,house-rental
1009,plumber
1009,electrician
1010,cleaner
1010,movers
1011,plumber
1011,electrician
1012,cleaner
1012,movers
1013,painter
1013,movers
1014,cleaner
1014,house-rental
1014,plumber
1014,electrician
1015,carpenter
1015,house-rental
1015,plumber
1015,electrician
1016,cleaner
1016,house-rental
1016,electrician
1016,movers
1017,house-rental
1017,plumber
1017,electrician
1017,movers
1018,carpenter
1019,carpenter
1019,plumber
1019,cleaner
1020,painter
1020,electrician
1021,plumber
1021,electrician
1022,plumber
1022,electrician
1023,carpenter
1023,plumber
1024,painter
1024,house-rental
1024,cleaner
1024,movers
1025,internet-setup
1025,house-rental
1025,cleaner
1026,house-rental
1026,cleaner
1026,movers
1027,carpenter
1027,plumber
1027,electrician
1028,carpenter
1029,internet-setup
1029,electrician
1030,plumber
1030,electrician
1031,internet-setup
1031,house-rental
1031,plumber
1031,cleaner
1032,house-rental
1032,cleaner
1033,cleaner
1034,plumber
1034,electrician
1035,house-rental
1035,plumber
1036,internet-setup
1036,cleaner
1036,movers
1037,painter
1037,electrician
1038,house-rental
1038,cleaner
1039,cleaner
1039,movers
1040,carpenter
1040,plumber
1040,electrician
1041,painter
1042,internet-setup
1042,painter
1043,plumber
1043,electrician
1044,internet-setup
1044,house-rental
1045,cleaner
1045,house-rental
1045,electrician
1045,internet-setup
1046,carpenter
1046,plumber
1046,electrician
1047,house-rental
1047,cleaner
1048,painter
1049,painter
1049,cleaner
1050,carpenter
1050,electrician
1051,cleaner
1052,house-rental
1052,cleaner
1053,internet-setup
1053,house-rental
1053,plumber
1053,movers
1054,painter
1055,internet-setup
1055,house-rental
1055,electrician
1055,movers
1056,house-rental
1056,plumber
1056,electrician
1056,movers
1057,cleaner
1057,house-rental
1057,electrician
1057,movers
1058,movers
1059,house-rental
1059,cleaner
1059,movers
1060,carpenter
1060,plumber
1060,cleaner
1061,cleaner
1061,house-rental
1061,electrician
1061,movers
1062,cleaner
1062,movers
1063,plumber
1064,internet-setup
1064,house-rental
1064,electrician
1064,movers
1065,internet-setup
1065,house-rental
1065,cleaner
1065,movers
1066,carpenter
1066,house-rental
1066,cleaner
1066,movers
1067,cleaner
1067,movers
1068,carpenter
1068,plumber
1069,cleaner
1070,house-rental
1070,movers
1071,cleaner
1071,house-rental
1071,electrician
1071,movers
1072,plumber
1073,carpenter
1073,plumber
1073,electrician
1074,internet-setup
1075,carpenter
1075,painter
1076,cleaner
1076,house-rental
1076,electrician
1076,movers
1077,painter
1077,cleaner
1078,cleaner
1078,house-rental
1078,electrician
1079,internet-setup
1080,plumber
1081,electrician
1082,plumber
1083,carpenter
1083,plumber
1084,painter
1084,cleaner
1084,movers
1085,carpenter
1085,house-rental
1085,plumber
1086,carpenter
1086,painter
1086,electrician
1087,painter
1087,electrician
1088,internet-setup
1088,house-rental
1089,house-rental
1089,plumber
1089,cleaner
1089,movers
1090,painter
1091,carpenter
1091,plumber
1091,electrician
1092,electrician
1093,carpenter
1093,painter
1093,electrician
1094,house-rental
1094,plumber
1094,electrician
1094,movers
1095,cleaner
1096,cleaner
1096,movers
1097,cleaner
1098,carpenter
1098,electrician
1099,carpenter
1099,plumber
1099,cleaner
1100,carpenter
1100,house-rental
1100,cleaner
1100,movers
1101,carpenter
1101,electrician
1102,house-rental
1102,plumber
1102,cleaner
1102,movers
1103,painter
1103,cleaner
1104,house-rental
1104,cleaner
1104,movers
1105,carpenter
1105,plumber
1105,electrician
1106,carpenter
1106,painter
1106,electrician
1107,painter
1107,electrician
1108,house-rental
1108,cleaner
1109,plumber
1109,electrician
1110,carpenter
1110,plumber
1110,electrician
1111,cleaner
1111,house-rental
1111,electrician
1111,movers
1112,internet-setup
1112,house-rental
1112,plumber
1112,cleaner
1113,carpenter
1113,electrician
1114,house-rental
1114,cleaner
1114,movers
1115,house-rental
1115,plumber
1115,electrician
1115,movers
1116,carpenter
1116,painter
1117,carpenter
1117,electrician
1118,house-rental
1118,plumber
1118,electrician
1119,cleaner
1120,internet-setup
1120,house-rental
1120,carpenter
1120,movers
1121,carpenter
1121,plumber
1121,painter
1122,house-rental
1122,plumber
1122,cleaner
1122,movers
1123,electrician
1124,cleaner
1124,electrician
1125,carpenter
1125,plumber
1125,electrician
1126,house-rental
1126,plumber
1126,electrician
1127,movers
1128,carpenter
1128,house-rental
1128,electrician
1128,movers
1129,carpenter
1129,house-rental
1129,electrician
1130,house-rental
1130,movers
1131,carpenter
1131,plumber
1132,carpenter
1132,painter
1133,house-rental
1133,plumber
1133,movers
1134,carpenter
1134,house-rental
1134,movers
1135,cleaner
1135,house-rental
1135,electrician
1135,movers
1136,cleaner
1136,movers
1137,carpenter
1137,painter
1138,plumber
1138,cleaner
1139,house-rental
1139,plumber
1139,cleaner
1139,movers
1140,internet-setup
1140,house-rental
1140,cleaner
1141,house-rental
1141,plumber
1141,cleaner
1141,movers
1142,carpenter
1142,electrician
1143,house-rental
1143,plumber
1144,painter
1144,electrician
1145,carpenter
1145,cleaner
1145,plumber
1145,electrician
1146,internet-setup
1146,house-rental
1147,electrician
1148,house-rental
1148,plumber
1149,internet-setup
1149,movers
1150,cleaner
1150,house-rental
1150,plumber
1150,electrician
1151,painter
1151,electrician
1152,house-rental
1152,cleaner
1152,movers
1153,painter
1154,plumber
1154,electrician
1155,internet-setup
1155,house-rental
1156,plumber
1156,painter
1157,house-rental
1157,electrician
1158,plumber
1158,electrician
1159,plumber
1159,electrician
1160,house-rental
1160,plumber
1160,painter
1161,internet-setup
1161,house-rental
1161,plumber
1161,movers
1162,internet-setup
1162,cleaner
1163,cleaner
1163,house-rental
1163,electrician
1163,internet-setup
1164,house-rental
1164,plumber
1164,electrician
1164,movers
1165,cleaner
1165,movers
1166,carpenter
1166,plumber
1167,cleaner
1167,plumber
1167,electrician
1168,carpenter
1168,electrician
1169,cleaner
1169,house-rental
1169,electrician
1169,movers
1170,house-rental
1170,cleaner
1170,movers
1171,cleaner
1172,electrician
1173,house-rental
1173,movers
1174,house-rental
1174,movers
1175,carpenter
1175,electrician
1176,internet-setup
1176,electrician
1176,cleaner
1176,movers
1177,internet-setup
1177,house-rental
1177,painter
1178,plumber
1179,cleaner
1179,house-rental
1179,electrician
1179,internet-setup
1180,plumber
1180,electrician
1181,house-rental
1181,plumber
1181,electrician
1182,carpenter
1182,electrician
1183,carpenter
1183,painter
1183,electrician
1184,carpenter
1184,electrician
1185,cleaner
1185,plumber
1185,electrician
1186,cleaner
1187,house-rental
1187,plumber
1187,cleaner
1187,movers
1188,carpenter
1188,house-rental
1189,house-rental
1189,cleaner
1190,carpenter
1190,plumber
1190,electrician
1191,house-rental
1191,plumber
1191,electrician
1191,movers
1192,plumber
1192,electrician
1193,carpenter
1193,cleaner
1193,movers
1194,carpenter
1194,electrician
1195,painter
1196,internet-setup
1196,house-rental
1196,cleaner
1196,movers
1197,plumber
1197,electrician
1198,house-rental
1199,plumber
1199,painter
1200,cleaner
1200,movers
1201,cleaner
1201,house-rental
1201,electrician
1201,movers
1202,electrician
1203,plumber
1203,electrician
1204,carpenter
1204,plumber
1204,electrician
1205,carpenter
1205,house-rental
1205,plumber
1205,electrician
1206,cleaner
1207,carpenter
1207,house-rental
1207,movers
1208,plumber
1208,cleaner
1209,movers
1210,cleaner
1211,carpenter
1211,house-rental
1211,plumber
1211,movers
1212,house-rental
1212,plumber
1212,electrician
1212,movers
1213,cleaner
1213,movers
1214,house-rental
1214,plumber
1214,electrician
1215,painter
1215,plumber
1215,electrician
1216,plumber
1217,painter
1217,cleaner
1217,movers
1218,painter
1218,movers
1219,electrician
1220,house-rental
1220,plumber
1220,cleaner
1220,movers
1221,carpenter
1221,plumber
1221,electrician
1222,carpenter
1222,plumber
1222,electrician
1223,internet-setup
1223,house-rental
1223,plumber
1223,electrician
1224,house-rental
1224,electrician
1225,internet-setup
1225,house-rental
1225,electrician
1225,movers
1226,plumber
1227,electrician
1228,cleaner
1228,house-rental
1228,electrician
1228,movers
1229,house-rental
1229,plumber
1230,house-rental
1230,plumber
1230,cleaner
1230,movers
1231,cleaner
1231,house-rental
1231,plumber
1231,electrician
1232,electrician
1233,internet-setup
1233,house-rental
1233,movers
1234,cleaner
1234,house-rental
1234,electrician
1234,internet-setup
1235,plumber
1235,electrician
1236,painter
1236,plumber
1236,electrician
1237,carpenter
1238,internet-setup
1238,movers
1239,internet-setup
1239,movers
1240,internet-setup
1241,carpenter
1241,house-rental
1241,cleaner
1241,movers
1242,carpenter
1242,painter
1243,house-rental
1243,cleaner
1243,movers
1244,house-rental
1244,plumber
1244,movers
1245,movers
1246,movers
1247,carpenter
1247,plumber
1247,electrician
1248,internet-setup
1248,house-rental
1248,movers
1249,plumber
1249,electrician
1250,carpenter
1250,painter
1250,cleaner
1251,carpenter
1251,painter
1252,carpenter
1252,painter
1253,cleaner
1254,carpenter
1254,plumber
1254,painter
1255,plumber
1255,electrician
1256,internet-setup
1257,carpenter
1258,carpenter
1258,electrician
1259,carpenter
1259,cleaner
1259,plumber
1259,painter
1260,movers
1261,cleaner
1262,carpenter
1263,movers
1264,carpenter
1264,painter
1265,house-rental
1266,plumber
1266,cleaner
1266,movers
1267,house-rental
1267,movers
1268,internet-setup
1268,house-rental
1268,painter
1268,cleaner
1269,plumber
1269,electrician
1270,painter
1270,electrician
1271,cleaner
1271,house-rental
1271,plumber
1271,electrician
1272,carpenter
1272,electrician
1273,plumber
1274,carpenter
1274,painter
1275,internet-setup
1276,house-rental
1276,plumber
1276,cleaner
1276,movers
1277,internet-setup
1278,plumber
1279,house-rental
1279,plumber
1279,electrician
1279,movers
1280,cleaner
1280,movers
1281,internet-setup
1282,carpenter
1283,house-rental
1283,plumber
1283,cleaner
1283,movers
1284,internet-setup
1284,electrician
1284,movers
1285,painter
1286,plumber
1287,carpenter
1288,internet-setup
1288,house-rental
1289,cleaner
1289,plumber
1289,electrician
1290,house-rental
1290,plumber
1290,cleaner
1290,movers
1291,carpenter
1291,painter
1292,internet-setup
1292,house-rental
1293,internet-setup
1294,internet-setup
1294,house-rental
1294,cleaner
1294,movers
1295,carpenter
1295,house-rental
1295,plumber
1296,internet-setup
1296,house-rental
1297,cleaner
1297,house-rental
1297,electrician
1297,movers
1298,house-rental
1298,movers
1299,painter
1300,house-rental
1300,painter
1301,electrician
1302,house-rental
1302,cleaner
1302,movers
1303,plumber
1304,cleaner
1304,house-rental
1304,electrician
1304,movers
1305,plumber
1305,electrician
1306,cleaner
1306,movers
1307,cleaner
1307,electrician
1308,cleaner
1308,house-rental
1308,plumber
1308,electrician
1309,internet-setup
1310,painter
1310,electrician
1311,cleaner
1311,house-rental
1311,electrician
1311,movers
1312,carpenter
1312,plumber
1312,electrician
1313,painter
1314,painter
1315,internet-setup
1315,house-rental
1315,plumber
1315,movers
1316,electrician
1317,internet-setup
1317,house-rental
1317,cleaner
1318,internet-setup
1318,house-rental
1319,plumber
1319,electrician
1320,carpenter
1320,electrician
1321,carpenter
1321,painter
1321,electrician
1322,plumber
1322,cleaner
1323,house-rental
1323,plumber
1323,cleaner
1323,movers
1324,painter
1324,electrician
1325,house-rental
1325,plumber
1325,electrician
1325,movers
1326,internet-setup
1326,house-rental
1326,carpenter
1326,electrician
1327,carpenter
1327,electrician
1328,plumber
1329,house-rental
1329,cleaner
1330,house-rental
1330,electrician
1330,movers
1331,electrician
1332,cleaner
1332,house-rental
1332,plumber
1332,electrician
1333,plumber
1333,electrician
1334,cleaner
1334,house-rental
1334,plumber
1334,electrician
1335,internet-setup
1335,house-rental
1335,electrician
1335,movers
1336,carpenter
1336,painter
1337,carpenter
1337,electrician
1338,electrician
1339,carpenter
1339,painter
1340,carpenter
1340,painter
1340,electrician
1341,house-rental
1341,cleaner
1341,movers
1342,house-rental
1342,plumber
1342,cleaner
1342,movers
1343,painter
1343,electrician
1344,painter
1344,electrician
1345,carpenter
1345,house-rental
1345,electrician
1346,internet-setup
1346,house-rental
1346,movers
1347,house-rental
1347,cleaner
1347,movers
1348,house-rental
1348,electrician
1349,carpenter
1349,painter
1350,plumber
1350,cleaner
1351,carpenter
1351,house-rental
1351,movers
1352,house-rental
1352,plumber
1352,electrician
1353,house-rental
1353,plumber
1353,cleaner
1353,movers
1354,cleaner
1355,carpenter
1355,painter
1355,plumber
1355,electrician
1356,house-rental
1356,movers
1357,cleaner
1358,carpenter
1358,cleaner
1358,plumber
1358,electrician
1359,electrician
1360,internet-setup
1360,house-rental
1360,electrician
1360,movers
1361,house-rental
1361,plumber
1361,electrician
1361,movers
1362,cleaner
1362,house-rental
1362,electrician
1362,internet-setup
1363,internet-setup
1363,house-rental
1363,movers
1364,plumber
1365,cleaner
1365,electrician
1366,house-rental
1366,plumber
1366,electrician
1367,cleaner
1367,movers
1368,plumber
1369,electrician
1370,movers
1371,cleaner
1372,painter
1373,house-rental
1374,carpenter
1374,cleaner
1374,electrician
1375,cleaner
1375,house-rental
1375,plumber
1375,electrician
1376,painter
1376,house-rental
1376,electrician
1377,house-rental
1377,plumber
1377,cleaner
1377,movers
1378,cleaner
1379,plumber
1379,electrician
1380,carpenter
1380,plumber
1380,electrician
1381,internet-setup
1382,carpenter
1382,plumber
1382,electrician
1383,painter
1383,electrician
1384,carpenter
1384,plumber
1384,electrician
1384,movers
1385,cleaner
1386,painter
1386,house-rental
1386,cleaner
1387,cleaner
1387,movers
1388,cleaner
1388,house-rental
1388,electrician
1388,movers
1389,internet-setup
1390,cleaner
1390,house-rental
1390,electrician
1390,movers
1391,carpenter
1391,cleaner
1391,plumber
1391,electrician
1392,internet-setup
1392,house-rental
1392,cleaner
1392,movers
1393,internet-setup
1393,movers
1394,electrician
1395,internet-setup
1395,house-rental
1395,cleaner
1395,movers
1396,cleaner
1396,house-rental
1396,electrician
1397,cleaner
1398,internet-setup
1398,house-rental
1398,plumber
1398,cleaner
1399,plumber
1400,cleaner
1401,house-rental
1401,plumber
1401,electrician
1401,movers
1402,plumber
1402,electrician
1403,electrician
1404,cleaner
1404,movers
1405,house-rental
1405,plumber
1405,electrician
1405,movers
1406,cleaner
1406,plumber
1406,electrician
1407,plumber
1408,cleaner
1408,house-rental
1408,plumber
1408,electrician
1409,carpenter
1409,painter
1410,cleaner
1410,house-rental
1410,electrician
1410,movers
1411,carpenter
1411,house-rental
1411,cleaner
1411,movers
1412,carpenter
1412,plumber
1412,electrician
1413,carpenter
1413,painter
1414,house-rental
1414,plumber
1414,electrician
1414,movers
1415,plumber
1416,plumber
1416,electrician
1417,electrician
1418,carpenter
1418,house-rental
1418,cleaner
1418,movers
1419,cleaner
1420,cleaner
1420,house-rental
1420,electrician
1420,movers
1421,carpenter
1422,house-rental
1422,cleaner
1422,movers
1423,cleaner
1423,house-rental
1423,electrician
1423,movers
1424,internet-setup
1424,house-rental
1425,house-rental
1425,plumber
1425,cleaner
1425,movers
1426,painter
1426,house-rental
1426,plumber
1426,cleaner
1427,carpenter
1427,cleaner
1427,plumber
1427,electrician
1428,cleaner
1428,house-rental
1428,electrician
1428,internet-setup
1429,house-rental
1429,plumber
1429,electrician
1429,movers
1430,carpenter
1430,internet-setup
1430,house-rental
1430,movers
1431,plumber
1432,cleaner
1433,internet-setup
1433,electrician
1433,cleaner
1433,movers
1434,carpenter
1434,internet-setup
1434,electrician
1435,electrician
1436,cleaner
1436,house-rental
1436,plumber
1436,electrician
1437,cleaner
1437,movers
1438,carpenter
1438,cleaner
1438,painter
1438,electrician
1439,electrician
1440,painter
1440,cleaner
1441,cleaner
1441,house-rental
1441,electrician
1441,movers
1442,plumber
1442,electrician
1443,internet-setup
1443,house-rental
1443,movers
1444,painter
1445,house-rental
1445,cleaner
1446,carpenter
1447,carpenter
1448,carpenter
1448,painter
1448,plumber
1448,electrician
1449,carpenter
1449,plumber
1450,house-rental
1450,electrician
1450,movers
1451,carpenter
1451,house-rental
1451,plumber
1451,electrician
1452,carpenter
1452,plumber
1452,movers
1453,electrician
1454,carpenter
1454,painter
1454,electrician
1455,carpenter
1455,painter
1455,electrician
1456,cleaner
1456,movers
1457,carpenter
1457,electrician
1458,house-rental
1458,plumber
1458,electrician
1458,movers
1459,internet-setup
1459,house-rental
1459,carpenter
1459,movers
1460,movers
1461,carpenter
1461,painter
1461,electrician
1462,electrician
1462,movers
1463,carpenter
1463,painter
1464,cleaner
1464,electrician
1465,movers
1466,cleaner
1467,internet-setup
1468,house-rental
1468,plumber
1468,cleaner
1468,movers
1469,house-rental
1469,plumber
1469,cleaner
1469,movers
1470,painter
1471,carpenter
1471,electrician
1472,carpenter
1472,house-rental
1472,cleaner
1472,electrician
1473,internet-setup
1473,house-rental
1473,plumber
1474,house-rental
1474,plumber
1474,electrician
1475,carpenter
1475,house-rental
1475,plumber
1475,electrician
1476,carpenter
1476,cleaner
1476,movers
1477,house-rental
1477,movers
1478,plumber
1478,electrician
1479,cleaner
1479,movers
1480,house-rental
1480,plumber
1480,electrician
1480,movers
1481,electrician
1482,internet-setup
1482,house-rental
1482,plumber
1482,electrician
1483,internet-setup
1483,cleaner
1483,movers
1484,carpenter
1484,painter
1485,house-rental
1485,plumber
1485,electrician
1485,movers
1486,carpenter
1486,painter
1487,cleaner
1487,house-rental
1487,electrician
1487,movers
1488,carpenter
1488,painter
1489,cleaner
1489,movers
1490,cleaner
1490,house-rental
1490,plumber
1490,electrician
1491,house-rental
1491,plumber
1491,electrician
1491,movers
1492,plumber
1492,electrician
1493,house-rental
1493,plumber
1493,electrician
1493,movers
1494,plumber
1494,electrician
1495,electrician
1496,carpenter
1496,painter
1496,plumber
1496,electrician
1497,internet-setup
1497,house-rental
1497,plumber
1497,cleaner
1498,painter
1499,carpenter
1499,painter
1499,electrician
1500,electrician
1501,painter
1502,house-rental
1502,plumber
1502,electrician
1502,movers
1503,painter
1503,cleaner
1504,carpenter
1504,painter
1505,carpenter
1505,plumber
1506,internet-setup
1506,house-rental
1506,plumber
1506,cleaner
1507,carpenter
1507,painter
1508,house-rental
1508,electrician
1509,movers
1510,cleaner
1511,carpenter
1511,electrician
1512,internet-setup
1513,house-rental
1513,cleaner
1514,internet-setup
1514,plumber
1514,movers
1515,plumber
1515,electrician
1516,carpenter
1516,plumber
1516,painter
1517,electrician
1518,carpenter
1518,electrician
1519,cleaner
1520,internet-setup
1520,cleaner
1520,movers
1521,carpenter
1521,painter
1522,cleaner
1523,house-rental
1523,cleaner
1523,movers
1524,cleaner
1524,house-rental
1524,painter
1524,electrician
1525,painter
1525,house-rental
1525,cleaner
1526,house-rental
1526,plumber
1526,electrician
1526,movers
1527,internet-setup
1527,cleaner
1527,movers
1528,carpenter
1528,painter
1529,carpenter
1529,painter
1530,carpenter
1530,house-rental
1530,cleaner
1530,movers
1531,carpenter
1531,cleaner
1531,plumber
1531,painter
1532,carpenter
1532,internet-setup
1532,cleaner
1532,movers
1533,plumber
1533,electrician
1534,electrician
1535,carpenter
1535,house-rental
1536,house-rental
1536,plumber
1536,electrician
1536,movers
1537,carpenter
1537,house-rental
1537,painter
1538,plumber
1539,plumber
1539,electrician
1540,house-rental
1540,cleaner
1541,electrician
1542,painter
1542,electrician
1543,carpenter
1544,painter
1545,internet-setup
1545,movers
1546,house-rental
1546,plumber
1546,electrician
1546,movers
1547,movers
1548,plumber
1548,electrician
1549,painter
1549,electrician
1549,movers
1550,house-rental
1550,plumber
1550,cleaner
1550,movers
1551,internet-setup
1551,movers
1552,house-rental
1552,cleaner
1553,cleaner
1553,house-rental
1553,electrician
1554,internet-setup
1554,house-rental
1554,cleaner
1555,electrician
1556,internet-setup
1556,house-rental
1556,plumber
1556,movers
1557,cleaner
1557,house-rental
1557,electrician
1557,movers
1558,carpenter
1558,house-rental
1558,electrician
1559,carpenter
1559,house-rental
1559,electrician
1559,movers
1560,plumber
1561,electrician
1562,internet-setup
1562,house-rental
1562,cleaner
1562,movers
1563,cleaner
1563,movers
1564,cleaner
1565,carpenter
1566,internet-setup
1566,house-rental
1566,cleaner
1567,painter
1567,electrician
1568,carpenter
1568,house-rental
1568,plumber
1569,internet-setup
1569,house-rental
1570,internet-setup
1570,plumber
1570,movers
1571,plumber
1571,electrician
1572,house-rental
1572,plumber
1572,cleaner
1572,movers
1573,painter
1573,electrician
1574,painter
1574,plumber
1574,electrician
1575,carpenter
1575,painter
1575,movers
1576,house-rental
1576,movers
1577,carpenter
1577,electrician
1578,cleaner
1578,movers
1579,painter
1579,cleaner
1579,movers
1580,plumber
1580,electrician
1581,carpenter
1581,cleaner
1582,house-rental
1582,plumber
1582,cleaner
1582,movers
1583,house-rental
1583,plumber
1583,cleaner
1584,carpenter
1584,internet-setup
1584,cleaner
1584,movers
1585,cleaner
1585,house-rental
1585,electrician
1586,painter
1586,electrician
1587,plumber
1587,electrician
1588,carpenter
1588,plumber
1589,carpenter
1589,plumber
1590,carpenter
1590,movers
1591,house-rental
1591,cleaner
1592,house-rental
1592,plumber
1592,cleaner
1592,movers
1593,internet-setup
1593,house-rental
1593,plumber
1593,cleaner
1594,house-rental
1594,painter
1595,internet-setup
1595,house-rental
1595,cleaner
1595,movers
1596,painter
1596,electrician
1597,cleaner
1597,house-rental
1597,electrician
1597,movers
1598,house-rental
1598,cleaner
1599,plumber
1600,house-rental
1600,plumber
1600,cleaner
1600,movers
1601,house-rental
1601,cleaner
1602,plumber
1602,cleaner
1603,plumber
1603,electrician
1604,internet-setup
1605,internet-setup
1605,house-rental
1605,plumber
1605,carpenter
1606,plumber
1606,cleaner
1607,carpenter
1608,house-rental
1608,cleaner
1609,painter
1609,house-rental
1609,plumber
1609,cleaner
1610,carpenter
1610,plumber
1610,electrician
1611,plumber
1611,electrician
1612,plumber
1612,cleaner
1613,house-rental
1613,plumber
1613,cleaner
1613,movers
1614,cleaner
1614,plumber
1614,electrician
1615,house-rental
1615,plumber
1615,electrician
1616,house-rental
1616,cleaner
1616,movers
1617,house-rental
1617,plumber
1617,electrician
1617,movers
1618,carpenter
1619,electrician
1620,movers
1621,internet-setup
1622,painter
1622,plumber
1622,electrician
1623,carpenter
1623,painter
1623,electrician
1624,cleaner
1624,house-rental
1624,electrician
1624,movers
1625,movers
1626,house-rental
1626,plumber
1626,electrician
1626,movers
1627,cleaner
1627,movers
1628,carpenter
1628,house-rental
1628,cleaner
1628,movers
1629,painter
1629,plumber
1629,house-rental
1629,electrician
1630,cleaner
1630,house-rental
1630,plumber
1630,electrician
1631,house-rental
1631,plumber
1631,electrician
1631,movers
1632,cleaner
1632,house-rental
1632,electrician
1632,internet-setup
1633,cleaner
1634,cleaner
1634,movers
1635,house-rental
1635,plumber
1636,movers
1637,house-rental
1637,cleaner
1637,movers
1638,internet-setup
1638,movers
1639,cleaner
1640,cleaner
1640,house-rental
1640,electrician
1640,movers
1641,plumber
1641,electrician
1642,cleaner
1642,movers
1643,plumber
1644,house-rental
1644,plumber
1644,electrician
1645,painter
1645,house-rental
1645,electrician
1646,internet-setup
1646,house-rental
1647,internet-setup
1647,house-rental
1647,plumber
1647,electrician
1648,carpenter
1648,cleaner
1648,movers
1649,house-rental
1649,plumber
1649,electrician
1649,movers
1650,carpenter
1650,house-rental
1650,cleaner
1650,movers
1651,carpenter
1651,internet-setup
1651,movers
1652,cleaner
1653,electrician
1654,painter
1654,cleaner
1654,electrician
1655,house-rental
1655,cleaner
1656,house-rental
1656,cleaner
1656,movers
1657,painter
1657,plumber
1657,electrician
1657,movers
1658,painter
1659,house-rental
1659,cleaner
1660,internet-setup
1660,house-rental
1660,cleaner
1661,plumber
1662,house-rental
1662,plumber
1662,electrician
1662,movers
1663,carpenter
1663,plumber
1663,painter
1664,internet-setup
1664,house-rental
1664,cleaner
1664,movers
1665,house-rental
1665,cleaner
1665,movers
1666,carpenter
1666,house-rental
1666,painter
1666,electrician
1667,house-rental
1667,plumber
1667,electrician
1668,carpenter
1668,house-rental
1668,electrician
1669,carpenter
1669,painter
1669,house-rental
1669,electrician
1670,house-rental
1670,cleaner
1670,movers
1671,movers
1672,carpenter
1672,house-rental
1672,cleaner
1673,carpenter
1673,plumber
1673,cleaner
1674,house-rental
1674,plumber
1674,cleaner
1675,carpenter
1675,movers
1676,house-rental
1676,plumber
1676,electrician
1676,movers
1677,carpenter
1677,cleaner
1677,plumber
1677,electrician
1678,painter
1678,plumber
1678,electrician
1679,house-rental
1679,cleaner
1679,movers
1680,carpenter
1680,cleaner
1680,plumber
1680,electrician
1681,internet-setup
1681,house-rental
1681,plumber
1681,cleaner
1682,internet-setup
1683,painter
1683,house-rental
1683,cleaner
1684,painter
1685,painter
1685,cleaner
1686,house-rental
1686,plumber
1686,cleaner
1686,movers
1687,plumber
1687,electrician
1688,internet-setup
1689,painter
1690,painter
1690,cleaner
1691,cleaner
1691,plumber
1691,electrician
1692,house-rental
1692,painter
1692,movers
1693,carpenter
1693,cleaner
1693,plumber
1693,electrician
1694,carpenter
1694,plumber
1694,electrician
1695,plumber
1696,painter
1697,internet-setup
1697,movers
1698,internet-setup
1698,house-rental
1698,carpenter
1698,movers
1699,house-rental
1699,plumber
1699,cleaner
1699,movers
1700,house-rental
1700,plumber
1700,electrician
1700,movers
1701,house-rental
1701,plumber
1701,electrician
1701,movers
1702,plumber
1702,electrician
1703,movers
1704,cleaner
1705,painter
1706,cleaner
1706,house-rental
1706,electrician
1706,movers
1707,house-rental
1707,cleaner
1708,house-rental
1708,electrician
1708,movers
1709,cleaner
1709,plumber
1709,electrician
1710,carpenter
1710,plumber
1711,house-rental
1711,plumber
1711,electrician
1712,carpenter
1712,electrician
1713,electrician
1714,cleaner
1714,house-rental
1714,electrician
1714,internet-setup
1715,cleaner
1715,house-rental
1715,electrician
1716,house-rental
1716,plumber
1716,movers
1717,carpenter
1717,house-rental
1717,electrician
1717,movers
1718,carpenter
1718,plumber
1718,painter
1719,carpenter
1719,house-rental
1719,plumber
1719,electrician
1720,house-rental
1720,cleaner
1721,carpenter
1721,electrician
1722,plumber
1723,carpenter
1723,internet-setup
1723,cleaner
1723,movers
1724,internet-setup
1724,movers
1725,painter
1726,internet-setup
1726,movers
1727,cleaner
1727,movers
1728,painter
1728,cleaner
1728,movers
1729,carpenter
1730,carpenter
1730,plumber
1730,electrician
1731,painter
1731,plumber
1731,electrician
1731,movers
1732,cleaner
1733,cleaner
1734,carpenter
1734,electrician
1735,internet-setup
1735,house-rental
1735,movers
1736,house-rental
1736,plumber
1737,carpenter
1737,house-rental
1737,cleaner
1737,movers
1738,internet-setup
1738,house-rental
1738,plumber
1738,cleaner
1739,house-rental
1739,plumber
1740,internet-setup
1740,movers
1741,plumber
1742,internet-setup
1742,house-rental
1742,plumber
1742,cleaner
1743,electrician
1743,movers
1744,carpenter
1744,plumber
1744,electrician
1745,cleaner
1745,house-rental
1745,electrician
1745,movers
1746,electrician
1746,movers
1747,cleaner
1747,house-rental
1747,electrician
1748,house-rental
1748,plumber
1749,internet-setup
1749,movers
1750,carpenter
1750,cleaner
1750,electrician
1751,carpenter
1751,plumber
1751,electrician
1752,carpenter
1752,cleaner
1752,movers
1753,house-rental
1753,movers
1754,internet-setup
1755,carpenter
1755,plumber
1755,painter
1756,painter
1756,cleaner
1756,movers
1757,carpenter
1757,plumber
1757,electrician
1758,house-rental
1758,cleaner
1758,movers
1759,house-rental
1759,plumber
1759,electrician
1759,movers
1760,internet-setup
1761,carpenter
1761,house-rental
1762,carpenter
1762,painter
1762,electrician
1763,carpenter
1763,painter
1764,carpenter
1764,electrician
1765,painter
1766,carpenter
1766,painter
1767,house-rental
1767,plumber
1767,electrician
1767,movers
1768,painter
1769,painter
1769,plumber
1769,electrician
1770,internet-setup
1771,carpenter
1771,plumber
1771,electrician
1772,painter
1772,electrician
1773,plumber
1774,carpenter
1774,painter
1775,house-rental
1775,plumber
1775,painter
1775,movers
1776,house-rental
1776,plumber
1776,electrician
1776,movers
1777,plumber
1777,electrician
1778,house-rental
1778,electrician
1778,movers
1779,painter
1780,carpenter
1780,house-rental
1780,plumber
1780,electrician
1781,carpenter
1781,house-rental
1781,electrician
1781,movers
1782,electrician
1783,carpenter
1783,painter
1784,cleaner
1784,house-rental
1784,plumber
1784,electrician
1785,painter
1786,house-rental
1786,cleaner
1787,carpenter
1787,plumber
1787,movers
1788,internet-setup
1788,house-rental
1788,plumber
1788,electrician
1789,cleaner
1789,house-rental
1789,plumber
1789,electrician
1790,house-rental
1790,plumber
1790,electrician
1790,movers
1791,internet-setup
1791,house-rental
1791,painter
1791,movers
1792,internet-setup
1792,house-rental
1792,cleaner
1792,movers
1793,cleaner
1794,internet-setup
1795,plumber
1795,cleaner
1796,house-rental
1796,painter
1796,movers
1797,internet-setup
1797,cleaner
1797,movers
1798,carpenter
1798,painter
1799,internet-setup
1800,house-rental
1800,plumber
1800,painter
1801,cleaner
1801,house-rental
1801,electrician
1802,carpenter
1802,painter
1802,electrician
1803,house-rental
1803,cleaner
1803,movers
1804,cleaner
1804,house-rental
1804,electrician
1804,movers
1805,cleaner
1805,house-rental
1805,electrician
1806,internet-setup
1807,painter
1807,cleaner
1807,movers
1808,cleaner
1809,house-rental
1809,plumber
1809,electrician
1809,movers
1810,cleaner
1810,movers
1811,plumber
1811,electrician
1812,carpenter
1812,painter
1812,electrician
1813,carpenter
1814,carpenter
1814,plumber
1814,electrician
1815,carpenter
1815,house-rental
1815,cleaner
1815,movers
1816,internet-setup
1816,house-rental
1816,cleaner
1816,movers
1817,house-rental
1817,plumber
1817,cleaner
1817,movers
1818,cleaner
1818,house-rental
1818,plumber
1818,electrician
1819,carpenter
1819,internet-setup
1819,movers
1820,painter
1821,carpenter
1821,internet-setup
1821,movers
1822,carpenter
1822,painter
1823,carpenter
1823,painter
1823,electrician
1824,electrician
1825,cleaner
1826,internet-setup
1826,house-rental
1826,movers
1827,internet-setup
1828,electrician
1829,cleaner
1830,internet-setup
1831,house-rental
1831,cleaner
1831,movers
1832,internet-setup
1832,house-rental
1832,movers
1833,internet-setup
1833,house-rental
1833,electrician
1833,movers
1834,internet-setup
1835,carpenter
1835,movers
1836,carpenter
1836,plumber
1836,electrician
1837,carpenter
1837,plumber
1837,painter
1838,house-rental
1838,plumber
1838,cleaner
1838,movers
1839,painter
1839,house-rental
1839,electrician
1840,painter
1840,cleaner
1841,internet-setup
1841,house-rental
1841,plumber
1841,cleaner
1842,cleaner
1843,internet-setup
1843,house-rental
1843,electrician
1843,movers
1844,electrician
1845,cleaner
1845,house-rental
1845,electrician
1845,movers
1846,carpenter
1846,house-rental
1846,movers
1847,house-rental
1847,cleaner
1848,cleaner
1848,movers
1849,house-rental
1849,plumber
1850,cleaner
1851,house-rental
1851,movers
1852,house-rental
1852,plumber
1852,electrician
1852,movers
1853,carpenter
1853,electrician
1854,house-rental
1854,cleaner
1855,electrician
1856,painter
1856,plumber
1856,electrician
1857,house-rental
1857,plumber
1857,electrician
1857,movers
1858,house-rental
1858,plumber
1858,electrician
1858,movers
1859,carpenter
1859,house-rental
1859,movers
1860,painter
1861,cleaner
1861,plumber
1861,electrician
1862,plumber
1863,house-rental
1863,plumber
1863,movers
1864,carpenter
1864,painter
1865,electrician
1866,carpenter
1866,painter
1867,plumber
1867,electrician
1868,house-rental
1868,plumber
1868,movers
1869,electrician
1870,plumber
1870,electrician
1871,cleaner
1871,movers
1872,internet-setup
1873,electrician
1874,cleaner
1874,house-rental
1874,electrician
1874,movers
1875,painter
1875,cleaner
1875,movers
1876,cleaner
1877,internet-setup
1877,movers
1878,house-rental
1878,plumber
1879,carpenter
1880,cleaner
1880,house-rental
1880,plumber
1880,electrician
1881,carpenter
1881,house-rental
1881,plumber
1881,cleaner
1882,house-rental
1882,plumber
1882,electrician
1883,carpenter
1883,painter
1884,plumber
1884,electrician
1885,internet-setup
1885,house-rental
1885,plumber
1885,cleaner
1886,cleaner
1887,painter
1887,house-rental
1887,cleaner
1888,carpenter
1888,electrician
1889,painter
1889,electrician
1890,house-rental
1890,plumber
1890,electrician
1890,movers
1891,carpenter
1891,cleaner
1891,painter
1892,internet-setup
1892,house-rental
1893,internet-setup
1893,movers
1894,carpenter
1895,carpenter
1895,plumber
1895,electrician
1896,carpenter
1896,plumber
1897,house-rental
1897,movers
1898,carpenter
1898,plumber
1898,cleaner
1899,cleaner
1900,plumber
1901,internet-setup
1901,house-rental
1901,movers
1902,carpenter
1902,plumber
1902,electrician
1903,carpenter
1903,painter
1903,electrician
1904,carpenter
1904,internet-setup
1904,plumber
1905,carpenter
1906,internet-setup
1907,carpenter
1907,plumber
1908,internet-setup
1908,house-rental
1908,movers
1909,cleaner
1909,house-rental
1909,electrician
1909,internet-setup
1910,carpenter
1910,plumber
1911,cleaner
1911,house-rental
1911,electrician
1911,movers
1912,cleaner
1912,house-rental
1912,electrician
1912,internet-setup
1913,plumber
1913,cleaner
1914,internet-setup
1914,electrician
1915,cleaner
1915,house-rental
1915,electrician
1915,movers
1916,painter
1916,plumber
1916,electrician
1917,plumber
1918,internet-setup
1918,house-rental
1918,plumber
1918,electrician
1919,house-rental
1919,plumber
1919,electrician
1919,movers
1920,internet-setup
1920,house-rental
1920,electrician
1920,movers
1921,cleaner
1922,carpenter
1922,house-rental
1922,movers
1923,carpenter
1923,plumber
1923,electrician
1923,movers
1924,internet-setup
1924,movers
1925,carpenter
1925,house-rental
1925,plumber
1925,electrician
1926,carpenter
1926,electrician
1927,internet-setup
1927,house-rental
1928,internet-setup
1928,movers
1929,internet-setup
1930,carpenter
1930,house-rental
1930,cleaner
1930,movers
1931,plumber
1932,internet-setup
1932,house-rental
1932,plumber
1932,movers
1933,internet-setup
1933,cleaner
1933,movers
1934,cleaner
1934,movers
1935,cleaner
1935,plumber
1935,electrician
1936,painter
1937,carpenter
1937,internet-setup
1937,plumber
1937,movers
1938,carpenter
1938,house-rental
1938,plumber
1938,electrician
1939,cleaner
1939,house-rental
1939,electrician
1939,movers
1940,carpenter
1940,painter
1941,cleaner
1941,movers
1942,house-rental
1942,plumber
1942,electrician
1942,movers
1943,carpenter
1943,painter
1944,cleaner
1944,house-rental
1944,electrician
1944,movers
1945,carpenter
1946,internet-setup
1946,carpenter
1946,cleaner
1946,movers
1947,carpenter
1947,electrician
1948,plumber
1948,cleaner
1949,internet-setup
1949,house-rental
1949,cleaner
1949,electrician
1950,painter
1951,house-rental
1951,electrician
1952,painter
1952,cleaner
1953,cleaner
1953,house-rental
1953,electrician
1954,internet-setup
1955,house-rental
1955,plumber
1955,electrician
1956,carpenter
1956,house-rental
1956,electrician
1957,carpenter
1957,painter
1957,electrician
1958,painter
1958,electrician
1959,internet-setup
1959,house-rental
1959,cleaner
1959,movers
1960,painter
1960,electrician
1961,carpenter
1961,painter
1962,plumber
1962,electrician
1963,house-rental
1963,cleaner
1964,carpenter
1964,electrician
1965,cleaner
1965,movers
1966,internet-setup
1966,plumber
1966,movers
1967,house-rental
1967,plumber
1967,electrician
1967,movers
1968,electrician
1969,electrician
1970,electrician
1971,cleaner
1971,house-rental
1971,electrician
1971,movers
1972,plumber
1972,electrician
1973,plumber
1973,electrician
1974,plumber
1975,cleaner
1975,house-rental
1975,electrician
1976,carpenter
1976,plumber
1976,electrician
1977,cleaner
1977,movers
1978,cleaner
1978,house-rental
1978,electrician
1978,internet-setup
1979,house-rental
1979,plumber
1979,cleaner
1979,movers
1980,internet-setup
1980,house-rental
1981,carpenter
1982,carpenter
1982,painter
1983,internet-setup
1983,house-rental
1983,cleaner
1983,movers
1984,cleaner
1984,movers
1985,painter
1985,house-rental
1985,electrician
1986,cleaner
1986,house-rental
1986,electrician
1986,internet-setup
1987,carpenter
1987,electrician
1988,movers
1989,carpenter
1989,painter
1990,cleaner
1990,house-rental
1990,electrician
1990,movers
1991,plumber
1991,electrician
1992,house-rental
1992,plumber
1992,cleaner
1992,movers
1993,painter
1994,carpenter
1994,painter
1994,electrician
1995,electrician
1996,internet-setup
1997,house-rental
1997,cleaner
1997,movers
1998,carpenter
1998,electrician
1999,internet-setup
1999,movers
2000,carpenter
2000,plumber
2001,plumber
2002,carpenter
2002,house-rental
2002,movers
2003,house-rental
2003,plumber
2003,electrician
2003,movers
2004,house-rental
2004,plumber
2004,movers
2005,cleaner
2006,internet-setup
2006,cleaner
2006,movers
2007,cleaner
2008,internet-setup
2008,house-rental
2008,cleaner
2008,movers
2009,carpenter
2009,painter
2009,electrician
2010,carpenter
2010,electrician
2011,internet-setup
2011,house-rental
2011,plumber
2011,cleaner
2012,carpenter
2012,internet-setup
2012,plumber
2012,cleaner
2013,carpenter
2013,house-rental
2013,plumber
2014,cleaner
2014,house-rental
2014,electrician
2014,internet-setup
2015,house-rental
2015,plumber
2015,painter
2016,painter
2016,house-rental
2016,plumber
2016,electrician
2017,plumber
2017,electrician
2018,house-rental
2018,cleaner
2019,house-rental
2019,plumber
2019,electrician
2020,carpenter
2020,cleaner
2020,plumber
2020,electrician
2021,plumber
2021,electrician
2022,movers
2023,cleaner
2023,plumber
2023,electrician
2024,cleaner
2024,house-rental
2024,electrician
2024,movers
2025,house-rental
2025,electrician
2026,house-rental
2026,plumber
2027,painter
2027,house-rental
2027,cleaner
2027,movers
2028,internet-setup
2028,plumber
2028,movers
2029,painter
2029,house-rental
2029,cleaner
2029,electrician
2030,plumber
2030,movers
2031,carpenter
2031,movers
2032,cleaner
2032,movers
2033,house-rental
2033,plumber
2033,electrician
2034,house-rental
2034,electrician
2034,movers
2035,cleaner
2035,house-rental
2035,electrician
2035,movers
2036,painter
2036,plumber
2036,electrician
2037,carpenter
2037,plumber
2037,electrician
2038,house-rental
2038,cleaner
2039,house-rental
2039,plumber
2039,cleaner
2039,movers
2040,house-rental
2040,plumber
2040,electrician
2040,movers
2041,house-rental
2041,electrician
2041,cleaner
2041,movers
2042,carpenter
2042,plumber
2042,electrician
2043,internet-setup
2043,house-rental
2043,movers
2044,house-rental
2044,plumber
2044,electrician
2044,movers
2045,house-rental
2045,cleaner
2045,movers
2046,plumber
2046,electrician
2047,internet-setup
2048,cleaner
2048,painter
2048,electrician
2049,house-rental
2049,cleaner
2049,movers
2050,house-rental
2050,cleaner
2051,painter
2051,house-rental
2051,cleaner
2052,carpenter
2053,house-rental
2053,plumber
2053,cleaner
2053,movers
2054,carpenter
2054,plumber
2054,electrician
2055,carpenter
2055,painter
2055,plumber
2055,electrician
2056,cleaner
2057,internet-setup
2057,painter
2057,electrician
2058,carpenter
2058,cleaner
2058,movers
2059,carpenter
2059,house-rental
2059,cleaner
2060,carpenter
2060,electrician
2061,house-rental
2061,plumber
2061,movers
2062,carpenter
2062,plumber
2063,cleaner
2063,house-rental
2063,electrician
2064,cleaner
2065,carpenter
2065,plumber
2065,painter
2066,carpenter
2066,cleaner
2066,movers
2067,cleaner
2067,electrician
2068,internet-setup
2069,internet-setup
2069,house-rental
2069,plumber
2069,electrician
2070,carpenter
2070,cleaner
2071,carpenter
2071,electrician
2072,cleaner
2072,electrician
2073,carpenter
2073,house-rental
2073,movers
2074,house-rental
2074,plumber
2074,movers
2075,internet-setup
2075,plumber
2075,movers
2076,carpenter
2077,painter
2077,plumber
2077,electrician
2078,electrician
2079,plumber
2079,electrician
2080,internet-setup
2080,house-rental
2080,cleaner
2080,movers
2081,house-rental
2082,house-rental
2082,plumber
2082,electrician
2083,painter
2083,cleaner
2084,cleaner
2084,house-rental
2084,electrician
2084,internet-setup
2085,carpenter
2085,plumber
2085,electrician
2086,house-rental
2086,plumber
2086,electrician
2086,movers
2087,carpenter
2087,plumber
2087,electrician
2088,electrician
2089,carpenter
2089,electrician
2090,painter
2090,cleaner
2090,movers
2091,plumber
2091,cleaner
2092,internet-setup
2092,cleaner
2093,carpenter
2093,plumber
2093,electrician
2094,carpenter
2094,painter
2094,electrician
2095,carpenter
2095,internet-setup
2095,movers
2096,carpenter
2096,painter
2096,electrician
2097,cleaner
2097,house-rental
2097,plumber
2097,electrician
2098,plumber
2098,electrician
2099,internet-setup
2100,carpenter
2100,painter
2101,house-rental
2101,plumber
2101,cleaner
2101,movers
2102,painter
2102,electrician
2103,internet-setup
2104,painter
2105,carpenter
2105,plumber
2106,plumber
2106,painter
2107,internet-setup
2107,house-rental
2107,carpenter
2107,painter
2108,cleaner
2108,movers
2109,internet-setup
2109,house-rental
2109,movers
2110,carpenter
2110,painter
2110,plumber
2110,electrician
2111,house-rental
2111,plumber
2111,electrician
2112,house-rental
2112,cleaner
2113,internet-setup
2113,house-rental
2113,cleaner
2113,movers
2114,plumber
2114,electrician
2115,house-rental
2115,movers
2116,plumber
2116,electrician
2117,house-rental
2117,plumber
2117,electrician
2117,movers
2118,house-rental
2118,plumber
2118,electrician
2118,movers
2119,painter
2120,cleaner
2120,electrician
2121,carpenter
2121,painter
2121,electrician
2122,house-rental
2122,plumber
2122,cleaner
2122,movers
2123,carpenter
2123,house-rental
2123,movers
2124,internet-setup
2124,house-rental
2124,electrician
2124,movers
2125,internet-setup
2126,carpenter
2126,painter
2127,internet-setup
2127,house-rental
2127,electrician
2128,plumber
2128,movers
2129,carpenter
2129,house-rental
2129,plumber
2129,electrician
2130,carpenter
2130,internet-setup
2130,cleaner
2130,movers
2131,electrician
2132,painter
2132,cleaner
2133,movers
2134,carpenter
2134,movers
2135,house-rental
2135,plumber
2135,electrician
2135,movers
2136,carpenter
2136,house-rental
2136,cleaner
2136,movers
2137,carpenter
2137,internet-setup
2137,cleaner
2137,movers
2138,painter
2138,electrician
2139,carpenter
2139,cleaner
2139,painter
2140,house-rental
2140,plumber
2140,electrician
2140,movers
2141,carpenter
2141,cleaner
2142,painter
2142,plumber
2142,electrician
2143,cleaner
2143,house-rental
2143,plumber
2143,electrician
2144,plumber
2144,cleaner
2145,plumber
2145,electrician
2146,plumber
2146,electrician
2147,cleaner
2148,house-rental
2148,plumber
2148,cleaner
2148,movers
2149,carpenter
2149,cleaner
2149,movers
2150,carpenter
2150,electrician
2151,house-rental
2151,plumber
2151,electrician
2151,movers
2152,electrician
2153,plumber
2154,carpenter
2154,electrician
2155,internet-setup
2155,house-rental
2155,electrician
2155,movers
2156,plumber
2156,electrician
2157,internet-setup
2157,movers
2158,cleaner
2158,movers
2159,internet-setup
2160,carpenter
2160,house-rental
2160,movers
2161,carpenter
2161,cleaner
2162,internet-setup
2162,house-rental
2162,cleaner
2162,movers
2163,carpenter
2163,painter
2163,plumber
2163,electrician
2164,house-rental
2164,cleaner
2165,internet-setup
2165,house-rental
2165,movers
2166,cleaner
2166,house-rental
2166,electrician
2167,internet-setup
2167,painter
2167,cleaner
2168,painter
2168,house-rental
2168,electrician
2169,house-rental
2169,plumber
2169,cleaner
2170,carpenter
2170,plumber
2170,painter
2170,movers
2171,carpenter
2171,internet-setup
2171,house-rental
2171,movers
2172,internet-setup
2173,internet-setup
2173,house-rental
2173,movers
2174,house-rental
2174,plumber
2174,cleaner
2175,house-rental
2175,movers
2176,house-rental
2176,plumber
2177,carpenter
2177,house-rental
2177,painter
2177,movers
2178,cleaner
2178,movers
2179,electrician
2179,movers
2180,internet-setup
2180,house-rental
2180,cleaner
2180,movers
2181,internet-setup
2181,house-rental
2181,cleaner
2181,movers
2182,internet-setup
2182,carpenter
2183,carpenter
2183,electrician
2184,plumber
2185,electrician
2186,electrician
2187,internet-setup
2187,house-rental
2187,movers
2188,internet-setup
2188,cleaner
2188,movers
2189,painter
2190,cleaner
2191,painter
2191,house-rental
2191,plumber
2191,electrician
2192,cleaner
2192,house-rental
2192,plumber
2192,electrician
2193,painter
2193,electrician
2194,house-rental
2194,movers
2195,carpenter
2195,electrician
2196,plumber
2196,electrician
2197,plumber
2197,electrician
2198,internet-setup
2199,carpenter
2199,painter
2200,carpenter
2200,cleaner
2200,painter
2201,internet-setup
2201,house-rental
2202,plumber
2202,electrician
2203,carpenter
2203,internet-setup
2203,movers
2204,house-rental
2204,plumber
2204,electrician
2204,movers
2205,carpenter
2205,house-rental
2205,electrician
2206,house-rental
2206,electrician
2207,carpenter
2207,electrician
2208,carpenter
2208,plumber
2208,painter
2209,carpenter
2209,painter
2210,house-rental
2210,plumber
2210,electrician
2210,movers
2211,cleaner
2211,house-rental
2211,electrician
2211,movers
2212,internet-setup
2212,house-rental
2212,movers
2213,carpenter
2213,painter
2214,house-rental
2214,plumber
2215,painter
2216,carpenter
2216,house-rental
2216,plumber
2216,cleaner
2217,house-rental
2217,cleaner
2218,house-rental
2218,plumber
2219,painter
2219,plumber
2219,electrician
2220,cleaner
2220,electrician
2221,painter
2221,electrician
2222,electrician
2223,carpenter
2223,house-rental
2223,cleaner
2224,painter
2224,plumber
2224,electrician
2225,internet-setup
2225,house-rental
2225,cleaner
2225,movers
2226,cleaner
2226,house-rental
2226,plumber
2226,electrician
2227,carpenter
2227,movers
2228,plumber
2229,internet-setup
2229,house-rental
2229,plumber
2229,cleaner
2230,electrician
2231,cleaner
2231,house-rental
2231,electrician
2231,internet-setup
2232,plumber
2232,electrician
2233,house-rental
2233,plumber
2234,cleaner
2234,plumber
2234,electrician
2234,movers
2235,house-rental
2235,plumber
2235,cleaner
2235,movers
2236,carpenter
2236,plumber
2236,electrician
2237,carpenter
2237,painter
2237,electrician
2238,cleaner
2239,house-rental
2239,plumber
2239,cleaner
2240,internet-setup
2240,house-rental
2241,house-rental
2241,plumber
2241,cleaner
2241,movers
2242,plumber
2242,cleaner
2243,carpenter
2243,plumber
2243,electrician
2244,carpenter
2244,painter
2244,electrician
2245,internet-setup
2246,painter
2246,cleaner
2247,house-rental
2247,cleaner
2247,movers
2248,internet-setup
2248,movers
2249,carpenter
2249,electrician
2250,carpenter
2250,painter
2251,painter
2251,plumber
2251,electrician
2252,carpenter
2252,plumber
2252,painter
2253,carpenter
2253,electrician
2254,carpenter
2255,carpenter
2255,painter
2256,house-rental
2256,plumber
2256,electrician
2256,movers
2257,internet-setup
2257,house-rental
2257,cleaner
2257,movers
2258,movers
2259,internet-setup
2259,movers
2260,house-rental
2260,plumber
2260,electrician
2260,movers
2261,internet-setup
2261,house-rental
2261,movers
2262,internet-setup
2262,electrician
2262,movers
2263,painter
2263,electrician
2264,carpenter
2264,electrician
2265,internet-setup
2265,movers
2266,plumber
2266,electrician
2267,plumber
2267,cleaner
2268,carpenter
2268,cleaner
2268,movers
2269,internet-setup
2270,cleaner
2270,house-rental
2270,painter
2270,electrician
2271,cleaner
2271,house-rental
2271,plumber
2271,electrician
2272,plumber
2272,electrician
2273,painter
2273,cleaner
2274,cleaner
2275,painter
2275,house-rental
2275,cleaner
2275,movers
2276,carpenter
2276,cleaner
2276,movers
2277,carpenter
2278,house-rental
2278,plumber
2278,electrician
2278,movers
2279,carpenter
2279,plumber
2279,electrician
2280,carpenter
2280,house-rental
2280,plumber
2281,plumber
2281,electrician
2282,house-rental
2282,cleaner
2283,plumber
2284,internet-setup
2284,house-rental
2284,electrician
2285,cleaner
2285,movers
2286,carpenter
2286,plumber
2287,cleaner
2288,house-rental
2288,plumber
2288,electrician
2289,plumber
2290,electrician
2291,house-rental
2291,plumber
2291,cleaner
2291,movers
2292,plumber
2293,carpenter
2293,house-rental
2293,plumber
2294,carpenter
2295,carpenter
2295,cleaner
2295,movers
2296,internet-setup
2296,movers
2297,house-rental
2297,plumber
2297,electrician
2297,movers
2298,plumber
2298,electrician
2299,carpenter
2299,house-rental
2299,cleaner
2299,movers
2300,plumber
2301,cleaner
2302,internet-setup
2303,internet-setup
2303,house-rental
2303,electrician
2303,movers
2304,carpenter
2304,electrician
2305,carpenter
2305,painter
2306,carpenter
2306,plumber
2307,plumber
2307,electrician
2308,carpenter
2308,plumber
2308,painter
2309,electrician
2310,cleaner
2310,house-rental
2310,electrician
2310,movers
2311,internet-setup
2312,house-rental
2312,electrician
2313,cleaner
2313,house-rental
2313,electrician
2313,movers
2314,movers
2315,cleaner
2315,movers
2316,carpenter
2316,cleaner
2316,movers
2317,carpenter
2317,cleaner
2317,movers
2318,movers
2319,house-rental
2319,cleaner
2320,internet-setup
2320,house-rental
2320,plumber
2320,painter
2321,internet-setup
2321,movers
2322,carpenter
2322,movers
2323,house-rental
2323,plumber
2323,electrician
2323,movers
2324,internet-setup
2324,movers
2325,plumber
2326,internet-setup
2327,house-rental
2327,cleaner
2328,carpenter
2328,house-rental
2328,plumber
2329,carpenter
2329,electrician
2330,house-rental
2330,plumber
2330,cleaner
2330,electrician
2331,house-rental
2331,plumber
2331,electrician
2332,painter
2332,cleaner
2333,painter
2333,electrician
2334,painter
2334,plumber
2334,electrician
2334,movers
2335,carpenter
2335,internet-setup
2336,cleaner
2336,house-rental
2336,electrician
2336,movers
2337,internet-setup
2337,painter
2337,movers
2338,plumber
2338,electrician
2338,movers
2339,painter
2339,house-rental
2339,cleaner
2339,movers
2340,carpenter
2340,house-rental
2340,plumber
2340,cleaner
2341,carpenter
2341,electrician
2342,house-rental
2342,plumber
2342,electrician
2342,movers
2343,painter
2343,electrician
2344,house-rental
2344,plumber
2344,electrician
2345,cleaner
2346,internet-setup
2346,cleaner
2346,movers
2347,plumber
2347,electrician
2348,carpenter
2348,plumber
2348,electrician
2349,cleaner
2350,cleaner
2351,house-rental
2351,plumber
2351,electrician
2351,movers
2352,plumber
2353,carpenter
2353,electrician
2354,painter
2354,house-rental
2354,cleaner
2355,cleaner
2355,house-rental
2355,plumber
2355,electrician
2356,carpenter
2356,plumber
2357,plumber
2357,cleaner
2358,cleaner
2359,internet-setup
2359,painter
2359,electrician
2360,electrician
2361,plumber
2362,cleaner
2362,house-rental
2362,electrician
2362,movers
2363,carpenter
2363,internet-setup
2363,house-rental
2363,movers
2364,internet-setup
2364,house-rental
2364,electrician
2365,internet-setup
2365,cleaner
2366,house-rental
2366,movers
2367,internet-setup
2368,house-rental
2368,movers
2369,carpenter
2369,painter
2370,house-rental
2370,plumber
2370,cleaner
2370,movers
2371,internet-setup
2371,house-rental
2371,carpenter
2371,movers
2372,internet-setup
2372,house-rental
2373,plumber
2373,cleaner
2374,plumber
2374,electrician
2375,carpenter
2375,painter
2376,house-rental
2376,plumber
2376,cleaner
2376,movers
2377,electrician
2378,house-rental
2378,plumber
2378,electrician
2379,house-rental
2379,plumber
2380,internet-setup
2380,movers
2381,cleaner
2381,house-rental
2381,electrician
2381,movers
2382,house-rental
2382,plumber
2382,cleaner
2382,movers
2383,carpenter
2383,painter
2384,movers
2385,plumber
2385,electrician
2386,plumber
2387,internet-setup
2387,house-rental
2387,carpenter
2387,electrician
2388,carpenter
2388,electrician
2389,internet-setup
2389,house-rental
2389,plumber
2390,carpenter
2390,painter
2391,internet-setup
2391,house-rental
2391,movers
2392,internet-setup
2392,plumber
2392,cleaner
2393,carpenter
2393,plumber
2393,cleaner
2394,house-rental
2394,movers
2395,plumber
2395,painter
2396,house-rental
2396,plumber
2396,electrician
2396,movers
2397,internet-setup
2397,house-rental
2397,plumber
2397,cleaner
2398,carpenter
2398,house-rental
2398,plumber
2398,electrician
2399,carpenter
2399,internet-setup
2399,house-rental
2399,movers
2400,electrician
2401,carpenter
2401,cleaner
2401,painter
2402,painter
2402,house-rental
2402,plumber
2402,cleaner
2403,plumber
2403,electrician
2404,plumber
2404,electrician
2405,carpenter
2405,internet-setup
2405,house-rental
2405,movers
2406,house-rental
2406,movers
2407,painter
2407,electrician
2408,house-rental
2408,plumber
2408,electrician
2408,movers
2409,painter
2409,house-rental
2409,cleaner
2409,movers
2410,cleaner
2410,house-rental
2410,electrician
2410,movers
2411,electrician
2411,cleaner
2411,movers
2412,internet-setup
2412,house-rental
2412,electrician
2412,movers
2413,plumber
2414,house-rental
2414,cleaner
2415,plumber
2415,electrician
2416,internet-setup
2417,internet-setup
2417,house-rental
2418,painter
2418,plumber
2418,electrician
2419,house-rental
2419,plumber
2419,cleaner
2419,movers
2420,house-rental
2420,plumber
2420,electrician
2420,movers
2421,carpenter
2421,cleaner
2421,movers
2422,painter
2422,plumber
2422,house-rental
2422,electrician
2423,cleaner
2424,cleaner
2424,house-rental
2424,electrician
2424,movers
2425,cleaner
2425,movers
2426,internet-setup
2427,house-rental
2427,plumber
2427,electrician
2427,movers
2428,carpenter
2429,plumber
2430,carpenter
2430,house-rental
2430,movers
2431,painter
2431,electrician
2432,internet-setup
2432,cleaner
2432,movers
2433,plumber
2433,electrician
2434,internet-setup
2434,house-rental
2435,carpenter
2435,painter
2436,painter
2436,electrician
2437,plumber
2437,cleaner
2438,painter
2438,cleaner
2439,internet-setup
2440,house-rental
2440,cleaner
2441,internet-setup
2441,movers
2442,internet-setup
2443,cleaner
2443,house-rental
2443,electrician
2443,internet-setup
2444,electrician
2445,carpenter
2445,internet-setup
2445,house-rental
2445,movers
2446,carpenter
2446,plumber
2446,electrician
2447,house-rental
2447,plumber
2447,electrician
2447,movers
2448,carpenter
2448,house-rental
2448,electrician
2449,carpenter
2449,plumber
2450,internet-setup
2450,movers
2451,plumber
2451,electrician
2452,carpenter
2453,plumber
2453,electrician
2454,cleaner
2454,movers
2455,house-rental
2455,cleaner
2455,movers
2456,cleaner
2457,carpenter
2457,painter
2457,plumber
2457,electrician
2458,carpenter
2458,electrician
2459,cleaner
2459,movers
2460,carpenter
2460,plumber
2460,electrician
2461,house-rental
2461,plumber
2461,electrician
2461,movers
2462,carpenter
2463,cleaner
2464,electrician
2465,cleaner
2465,movers
2466,internet-setup
2466,painter
2466,electrician
2467,painter
2467,house-rental
2467,cleaner
2468,carpenter
2468,painter
2468,electrician
2469,plumber
2470,painter
2470,electrician
2471,electrician
2472,plumber
2472,electrician
2473,internet-setup
2473,house-rental
2473,painter
2474,carpenter
2474,cleaner
2474,plumber
2474,electrician
2475,carpenter
2476,painter
2476,house-rental
2476,electrician
2477,internet-setup
2477,house-rental
2477,cleaner
2477,movers
2478,painter
2479,internet-setup
2479,house-rental
2480,plumber
2480,electrician
2481,internet-setup
2481,plumber
2481,electrician
2482,cleaner
2482,movers
2483,carpenter
2484,house-rental
2484,plumber
2484,electrician
2485,plumber
2485,cleaner
2486,plumber
2486,electrician
2487,carpenter
2487,plumber
2488,house-rental
2488,movers
2489,carpenter
2489,internet-setup
2489,cleaner
2489,movers
2490,carpenter
2490,house-rental
2490,cleaner
2490,movers
2491,plumber
2492,plumber
2493,internet-setup
2493,house-rental
2493,carpenter
2493,movers
2494,cleaner
2494,movers
2495,house-rental
2495,plumber
2495,electrician
2495,movers
2496,cleaner
2496,house-rental
2496,electrician
2496,movers
2497,cleaner
2497,house-rental
2497,electrician
2497,movers
2498,plumber
2499,carpenter
2499,house-rental
2499,electrician
2500,house-rental
2500,cleaner
2500,movers
2501,cleaner
2502,cleaner
2503,carpenter
2503,painter
2504,internet-setup
2505,plumber
2505,electrician
2505,movers
2506,internet-setup
2506,movers
2507,plumber
2508,house-rental
2508,plumber
2508,electrician
2509,house-rental
2509,electrician
2509,movers
2510,internet-setup
2510,house-rental
2510,electrician
2510,movers
2511,internet-setup
2511,house-rental
2511,plumber
2511,movers
2512,plumber
2512,electrician
2513,house-rental
2513,cleaner
2513,movers
2514,plumber
2514,electrician
2515,internet-setup
2515,house-rental
2515,plumber
2515,movers
2516,cleaner
2517,carpenter
2517,house-rental
2517,electrician
2518,cleaner
2518,house-rental
2518,plumber
2518,electrician
2519,internet-setup
2519,house-rental
2519,plumber
2519,electrician
2520,cleaner
2520,house-rental
2520,electrician
2520,internet-setup
2521,internet-setup
2521,cleaner
2521,movers
2522,internet-setup
2522,house-rental
2522,cleaner
2522,movers
2523,carpenter
2523,movers
2524,house-rental
2524,cleaner
2524,movers
2525,carpenter
2526,plumber
2526,cleaner
2526,electrician
2527,house-rental
2527,cleaner
2528,painter
2528,electrician
2529,plumber
2529,electrician
2530,cleaner
2530,house-rental
2530,electrician
2530,movers
2531,house-rental
2531,plumber
2531,cleaner
2531,movers
2532,internet-setup
2532,house-rental
2532,plumber
2532,electrician
2533,internet-setup
2533,cleaner
2533,movers
2534,house-rental
2534,plumber
2534,cleaner
2535,plumber
2536,painter
2536,plumber
2536,electrician
2537,cleaner
2537,house-rental
2537,plumber
2537,electrician
2538,house-rental
2538,plumber
2538,electrician
2538,movers
2539,cleaner
2539,house-rental
2539,electrician
2539,movers
2540,house-rental
2540,electrician
2540,movers
2541,carpenter
2541,plumber
2541,movers
2542,carpenter
2542,plumber
2542,cleaner
2543,plumber
2544,cleaner
2544,house-rental
2544,electrician
2545,carpenter
2546,cleaner
2546,house-rental
2546,electrician
2546,movers
2547,house-rental
2547,electrician
2548,carpenter
2548,painter
2548,electrician
2549,electrician
2550,house-rental
2550,plumber
2550,cleaner
2550,movers
2551,internet-setup
2551,electrician
2551,movers
2552,internet-setup
2552,plumber
2552,movers
2553,carpenter
2553,cleaner
2553,movers
2554,carpenter
2554,painter
2555,carpenter
2555,house-rental
2555,cleaner
2555,movers
2556,cleaner
2556,house-rental
2556,electrician
2556,movers
2557,house-rental
2557,plumber
2558,internet-setup
2558,movers
2559,house-rental
2559,cleaner
2560,cleaner
2561,electrician
2562,internet-setup
2562,house-rental
2563,cleaner
2563,plumber
2563,electrician
2564,house-rental
2564,cleaner
2564,movers
2565,carpenter
2565,plumber
2565,electrician
2566,cleaner
2566,house-rental
2566,plumber
2566,electrician
2567,carpenter
2567,house-rental
2567,cleaner
2568,painter
2569,plumber
2569,electrician
2570,cleaner
2570,house-rental
2570,electrician
2571,cleaner
2572,cleaner
2573,internet-setup
2573,painter
2574,internet-setup
2575,internet-setup
2575,house-rental
2575,plumber
2575,cleaner
2576,carpenter
2576,electrician
2577,carpenter
2577,internet-setup
2577,electrician
2577,movers
2578,house-rental
2578,cleaner
2578,movers
2579,internet-setup
2579,house-rental
2579,cleaner
2579,movers
2580,plumber
2581,carpenter
2581,plumber
2581,painter
2581,electrician
2582,cleaner
2582,house-rental
2582,electrician
2582,movers
2583,carpenter
2583,painter
2584,house-rental
2584,plumber
2584,electrician
2584,movers
2585,carpenter
2585,painter
2585,electrician
2586,cleaner
2586,electrician
2587,carpenter
2588,internet-setup
2588,house-rental
2588,plumber
2588,electrician
2589,internet-setup
2589,house-rental
2589,plumber
2589,cleaner
2590,cleaner
2590,house-rental
2590,plumber
2590,electrician
2591,electrician
2592,cleaner
2592,house-rental
2592,electrician
2592,internet-setup
2593,internet-setup
2593,house-rental
2593,plumber
2593,electrician
2594,painter
2594,cleaner
2595,electrician
2595,movers
2596,carpenter
2596,plumber
2597,plumber
2598,painter
2598,house-rental
2598,cleaner
2599,cleaner
2599,plumber
2599,electrician
2600,internet-setup
2601,house-rental
2601,cleaner
2601,movers
2602,carpenter
2602,cleaner
2602,plumber
2602,electrician
2603,house-rental
2603,movers
2604,carpenter
2604,house-rental
2604,cleaner
2604,movers
2605,carpenter
2605,painter
2605,electrician
2606,carpenter
2606,cleaner
2606,movers
2607,house-rental
2607,cleaner
2607,movers
2608,carpenter
2608,electrician
2609,house-rental
2609,plumber
2609,electrician
2609,movers
2610,carpenter
2611,internet-setup
2612,carpenter
2612,painter
2613,electrician
2613,movers
2614,cleaner
2614,plumber
2614,electrician
2615,house-rental
2615,plumber
2615,electrician
2615,movers
2616,cleaner
2616,movers
2617,carpenter
2617,electrician
2618,internet-setup
2618,painter
2619,carpenter
2619,painter
2619,electrician
2620,house-rental
2620,movers
2621,internet-setup
2621,house-rental
2621,electrician
2621,movers
2622,internet-setup
2622,house-rental
2623,plumber
2623,painter
2624,house-rental
2624,plumber
2624,electrician
2625,house-rental
2625,electrician
2625,movers
2626,cleaner
2626,house-rental
2626,electrician
2626,movers
2627,painter
2627,plumber
2627,electrician
2628,carpenter
2628,painter
2628,plumber
2628,electrician
2629,carpenter
2629,cleaner
2629,movers
2630,plumber
2630,electrician
2631,plumber
2631,painter
2631,electrician
2632,plumber
2632,electrician
2633,painter
2633,electrician
2634,carpenter
2634,painter
2635,carpenter
2635,plumber
2636,carpenter
2636,painter
2637,house-rental
2637,plumber
2637,movers
2638,cleaner
2638,house-rental
2638,plumber
2638,electrician
2639,painter
2639,house-rental
2639,electrician
2639,movers
2640,house-rental
2640,plumber
2640,electrician
2640,movers
2641,internet-setup
2641,house-rental
2642,electrician
2643,internet-setup
2643,house-rental
2643,plumber
2643,electrician
2644,plumber
2644,electrician
2645,cleaner
2645,plumber
2645,electrician
2646,house-rental
2646,plumber
2646,cleaner
2647,painter
2647,cleaner
2648,plumber
2649,plumber
2649,electrician
2650,painter
2650,cleaner
2650,movers
2651,cleaner
2652,carpenter
2652,electrician
2653,internet-setup
2653,house-rental
2653,electrician
2653,movers
2654,plumber
2655,movers
2655,painter
2655,electrician
2656,cleaner
2656,house-rental
2656,electrician
2656,movers
2657,electrician
2657,cleaner
2657,movers
2658,plumber
2659,house-rental
2659,cleaner
2660,house-rental
2660,movers
2661,carpenter
2661,electrician
2662,painter
2662,cleaner
2663,plumber
2663,electrician
2664,plumber
2664,electrician
2665,electrician
2666,movers
2667,cleaner
2667,house-rental
2667,electrician
2667,movers
2668,cleaner
2669,painter
2670,carpenter
2670,plumber
2671,painter
2671,electrician
2672,house-rental
2672,movers
2673,house-rental
2673,plumber
2673,electrician
2673,movers
2674,house-rental
2674,electrician
2674,movers
2675,internet-setup
2676,internet-setup
2676,house-rental
2676,movers
2677,carpenter
2678,cleaner
2678,house-rental
2678,electrician
2678,movers
2679,plumber
2679,electrician
2680,plumber
2680,electrician
2681,cleaner
2681,house-rental
2681,plumber
2681,electrician
2682,house-rental
2682,cleaner
2682,movers
2683,plumber
2683,electrician
2684,electrician
2685,carpenter
2685,plumber
2685,electrician
2686,plumber
2687,plumber
2687,cleaner
2688,carpenter
2688,painter
2688,plumber
2688,electrician
2689,cleaner
2690,internet-setup
2690,house-rental
2690,carpenter
2690,cleaner
2691,cleaner
2691,house-rental
2691,electrician
2691,internet-setup
2692,carpenter
2692,electrician
2693,carpenter
2694,carpenter
2694,electrician
2695,cleaner
2695,house-rental
2695,painter
2695,electrician
2696,carpenter
2696,plumber
2697,cleaner
2697,house-rental
2697,electrician
2697,movers
2698,carpenter
2698,cleaner
2698,movers
2699,carpenter
2699,plumber
2700,cleaner
2700,house-rental
2700,electrician
2701,cleaner
2702,internet-setup
2702,movers
2703,carpenter
2703,painter
2704,cleaner
2704,movers
2705,cleaner
2705,movers
2706,carpenter
2706,plumber
2707,carpenter
2707,electrician
2708,carpenter
2709,cleaner
2709,movers
2710,house-rental
2710,plumber
2710,electrician
2710,movers
2711,house-rental
2711,plumber
2711,cleaner
2711,movers
2712,house-rental
2712,plumber
2712,electrician
2712,movers
2713,house-rental
2713,plumber
2713,electrician
2713,movers
2714,carpenter
2714,painter
2715,plumber
2716,cleaner
2716,house-rental
2716,electrician
2716,movers
2717,painter
2717,electrician
2718,painter
2718,plumber
2718,house-rental
2718,electrician
2719,house-rental
2719,cleaner
2720,painter
2720,house-rental
2720,cleaner
2721,cleaner
2721,house-rental
2721,electrician
2721,movers
2722,house-rental
2722,electrician
2723,house-rental
2723,plumber
2723,electrician
2724,plumber
2724,cleaner
2725,painter
2725,electrician
2726,house-rental
2726,plumber
2726,electrician
2727,internet-setup
2727,house-rental
2727,movers
2728,cleaner
2728,house-rental
2728,electrician
2729,internet-setup
2729,house-rental
2729,movers
2730,internet-setup
2730,house-rental
2730,cleaner
2730,movers
2731,painter
2731,house-rental
2731,plumber
2731,cleaner
2732,plumber
2732,electrician
2733,carpenter
2733,internet-setup
2733,cleaner
2733,movers
2734,internet-setup
2734,house-rental
2734,plumber
2735,carpenter
2735,electrician
2736,carpenter
2736,plumber
2736,electrician
2737,internet-setup
2738,electrician
2739,cleaner
2740,movers
2741,plumber
2742,internet-setup
2742,house-rental
2742,movers
2743,cleaner
2744,carpenter
2744,internet-setup
2744,movers
2745,carpenter
2745,painter
2746,painter
2746,electrician
2747,plumber
2747,painter
2748,house-rental
2748,plumber
2748,electrician
2748,movers
2749,carpenter
2749,painter
2750,painter
2751,cleaner
2751,house-rental
2751,plumber
2751,electrician
2752,painter
2753,plumber
2754,carpenter
2755,house-rental
2755,plumber
2755,electrician
2755,movers
2756,carpenter
2756,painter
2756,electrician
2756,movers
2757,cleaner
2758,house-rental
2758,electrician
2758,movers
2759,internet-setup
2759,cleaner
2759,movers
2760,plumber
2761,house-rental
2761,plumber
2761,electrician
2761,movers
2762,cleaner
2762,movers
2763,plumber
2763,electrician
2764,painter
2764,cleaner
2765,internet-setup
2766,carpenter
2766,cleaner
2766,plumber
2766,electrician
2767,cleaner
2768,carpenter
2768,cleaner
2768,movers
2769,painter
2770,cleaner
2770,house-rental
2770,electrician
2770,movers
2771,internet-setup
2771,house-rental
2772,electrician
2773,cleaner
2773,house-rental
2773,painter
2773,electrician
2774,house-rental
2774,plumber
2774,cleaner
2774,movers
2775,carpenter
2776,house-rental
2776,movers
2777,carpenter
2777,electrician
2778,cleaner
2778,movers
2779,painter
2780,carpenter
2780,painter
2780,electrician
2781,house-rental
2781,plumber
2781,cleaner
2781,movers
2782,cleaner
2783,painter
2783,cleaner
2784,cleaner
2784,movers
2785,plumber
2786,cleaner
2786,house-rental
2786,plumber
2786,electrician
2787,carpenter
2787,plumber
2787,electrician
2788,carpenter
2788,electrician
2789,house-rental
2789,plumber
2789,electrician
2789,movers
2790,cleaner
2790,house-rental
2790,electrician
2790,movers
2791,plumber
2792,painter
2792,plumber
2792,electrician
2793,plumber
2794,painter
2795,carpenter
2795,house-rental
2795,plumber
2795,movers
2796,internet-setup
2796,house-rental
2796,electrician
2796,movers
2797,carpenter
2797,internet-setup
2798,house-rental
2798,plumber
2798,electrician
2798,movers
2799,plumber
2800,house-rental
2800,plumber
2800,cleaner
2801,house-rental
2801,cleaner
2801,movers
2802,plumber
2802,electrician
2803,painter
2803,movers
2804,house-rental
2804,painter
2805,house-rental
2805,plumber
2805,electrician
2805,movers
2806,plumber
2806,cleaner
2807,painter
2808,plumber
2809,internet-setup
2809,house-rental
2809,painter
2809,cleaner
2810,house-rental
2810,plumber
2810,cleaner
2810,movers
2811,cleaner
2811,movers
2812,house-rental
2812,plumber
2812,cleaner
2812,movers
2813,carpenter
2813,house-rental
2813,cleaner
2813,movers
2814,carpenter
2814,cleaner
2814,plumber
2814,painter
2815,house-rental
2815,electrician
2815,movers
2816,plumber
2816,cleaner
2817,house-rental
2817,plumber
2817,electrician
2817,movers
2818,electrician
2819,painter
2819,house-rental
2819,electrician
2820,carpenter
2820,internet-setup
2820,cleaner
2820,movers
2821,house-rental
2821,plumber
2821,movers
2822,carpenter
2822,house-rental
2822,painter
2822,movers
2823,painter
2823,plumber
2823,electrician
2824,internet-setup
2824,house-rental
2824,movers
2825,carpenter
2825,plumber
2825,painter
2825,electrician
2826,cleaner
2826,movers
2827,plumber
2827,electrician
2828,internet-setup
2828,plumber
2829,carpenter
2830,movers
2831,plumber
2831,electrician
2832,internet-setup
2832,plumber
2832,cleaner
2832,movers
2833,internet-setup
2833,cleaner
2834,carpenter
2834,painter
2835,cleaner
2836,house-rental
2836,plumber
2836,cleaner
2836,movers
2837,carpenter
2837,cleaner
2838,carpenter
2838,house-rental
2838,plumber
2838,electrician
2839,carpenter
2839,house-rental
2839,plumber
2839,electrician
2840,house-rental
2840,plumber
2841,painter
2842,cleaner
2842,house-rental
2842,electrician
2842,movers
2843,painter
2844,carpenter
2844,plumber
2844,electrician
2845,house-rental
2845,plumber
2846,carpenter
2846,internet-setup
2846,cleaner
2846,movers
2847,cleaner
2847,movers
2848,carpenter
2849,carpenter
2849,painter
2850,internet-setup
2850,house-rental
2850,plumber
2850,movers
2851,plumber
2851,cleaner
2852,internet-setup
2852,movers
2853,internet-setup
2853,house-rental
2853,movers
2854,internet-setup
2854,house-rental
2854,electrician
2854,movers
2855,cleaner
2856,cleaner
2856,house-rental
2856,electrician
2856,internet-setup
2857,carpenter
2858,cleaner
2858,house-rental
2858,electrician
2858,internet-setup
2859,internet-setup
2859,house-rental
2860,house-rental
2860,plumber
2860,electrician
2860,movers
2861,carpenter
2861,internet-setup
2861,cleaner
2861,movers
2862,painter
2862,cleaner
2863,internet-setup
2863,house-rental
2863,cleaner
2863,movers
2864,cleaner
2865,house-rental
2865,cleaner
2865,movers
2866,internet-setup
2866,house-rental
2866,carpenter
2866,cleaner
2867,carpenter
2867,cleaner
2868,painter
2868,house-rental
2868,cleaner
2868,movers
2869,carpenter
2869,electrician
2870,electrician
2871,carpenter
2872,painter
2873,house-rental
2873,cleaner
2873,movers
2874,electrician
2875,house-rental
2875,plumber
2875,electrician
2875,movers
2876,painter
2876,cleaner
2876,movers
2877,house-rental
2877,plumber
2877,electrician
2877,movers
2878,house-rental
2878,plumber
2878,cleaner
2879,carpenter
2879,painter
2880,house-rental
2880,movers
2881,cleaner
2881,house-rental
2881,electrician
2881,internet-setup
2882,cleaner
2883,cleaner
2883,house-rental
2883,electrician
2883,internet-setup
2884,internet-setup
2885,painter
2885,plumber
2885,electrician
2886,house-rental
2886,plumber
2886,cleaner
2887,internet-setup
2887,house-rental
2887,cleaner
2887,movers
2888,carpenter
2888,plumber
2888,electrician
2888,movers
2889,carpenter
2889,painter
2889,house-rental
2889,electrician
2890,house-rental
2890,cleaner
2891,carpenter
2892,electrician
2893,painter
2894,house-rental
2894,plumber
2894,cleaner
2894,movers
2895,carpenter
2895,house-rental
2895,painter
2896,carpenter
2897,cleaner
2897,movers
2898,internet-setup
2898,house-rental
2899,internet-setup
2900,house-rental
2900,plumber
2900,electrician
2900,movers
2901,painter
2901,house-rental
2901,plumber
2901,electrician
2902,cleaner
2903,carpenter
2903,painter
2904,plumber
2905,cleaner
2906,carpenter
2907,house-rental
2907,cleaner
2907,movers
2908,house-rental
2908,cleaner
2908,movers
2909,cleaner
2910,carpenter
2910,painter
2911,painter
2912,internet-setup
2912,house-rental
2912,cleaner
2912,movers
2913,movers
2914,plumber
2914,electrician
2915,internet-setup
2915,house-rental
2915,cleaner
2916,house-rental
2916,electrician
2917,plumber
2917,electrician
2918,internet-setup
2918,cleaner
2918,movers
2919,carpenter
2919,house-rental
2919,movers
2920,plumber
2920,electrician
2921,cleaner
2922,internet-setup
2922,house-rental
2922,cleaner
2922,movers
2923,house-rental
2923,plumber
2923,electrician
2923,movers
2924,house-rental
2924,cleaner
2925,house-rental
2925,plumber
2925,electrician
2925,movers
2926,plumber
2926,electrician
2927,cleaner
2927,movers
2928,carpenter
2928,house-rental
2928,electrician
2929,carpenter
2929,plumber
2929,painter
2930,plumber
2931,cleaner
2931,house-rental
2931,electrician
2931,internet-setup
2932,carpenter
2932,movers
2933,carpenter
2933,house-rental
2933,plumber
2933,electrician
2934,carpenter
2934,movers
2935,house-rental
2935,plumber
2935,electrician
2935,movers
2936,house-rental
2936,plumber
2936,electrician
2937,house-rental
2937,cleaner
2938,plumber
2939,internet-setup
2940,cleaner
2940,house-rental
2940,electrician
2940,movers
2941,house-rental
2941,plumber
2941,electrician
2941,movers
2942,carpenter
2942,plumber
2942,electrician
2943,internet-setup
2943,house-rental
2943,electrician
2944,plumber
2945,plumber
2945,cleaner
2946,house-rental
2946,cleaner
2947,house-rental
2947,cleaner
2948,carpenter
2948,electrician
2949,painter
2949,electrician
2950,carpenter
2950,painter
2950,electrician
2951,plumber
2951,cleaner
2952,painter
2952,house-rental
2952,electrician
2953,carpenter
2953,electrician
2953,cleaner
2953,movers
2954,house-rental
2954,plumber
2954,electrician
2954,movers
2955,house-rental
2955,cleaner
2956,internet-setup
2957,electrician
2958,house-rental
2958,plumber
2958,electrician
2958,movers
2959,cleaner
2959,movers
2960,house-rental
2960,cleaner
2961,house-rental
2961,plumber
2962,cleaner
2962,house-rental
2962,plumber
2962,electrician
2963,cleaner
2963,house-rental
2963,electrician
2963,movers
2964,carpenter
2964,painter
2965,painter
2965,plumber
2965,electrician
2966,house-rental
2966,plumber
2966,cleaner
2967,cleaner
2967,house-rental
2967,electrician
2967,movers
2968,house-rental
2968,plumber
2968,painter
2969,house-rental
2969,electrician
2970,plumber
2971,carpenter
2971,painter
2971,plumber
2971,electrician
2972,plumber
2972,electrician
2973,plumber
2973,cleaner
2974,movers
2975,house-rental
2975,cleaner
2976,painter
2976,movers
2977,plumber
2977,electrician
2978,cleaner
2978,house-rental
2978,electrician
2979,carpenter
2979,plumber
2979,electrician
2980,internet-setup
2981,carpenter
2981,electrician
2982,painter
2982,cleaner
2982,movers
2983,house-rental
2983,electrician
2984,internet-setup
2985,internet-setup
2986,carpenter
2986,painter
2986,plumber
2986,electrician
2987,movers
2988,carpenter
2988,electrician
2989,house-rental
2989,plumber
2989,electrician
2989,movers
2990,cleaner
2990,house-rental
2990,plumber
2990,electrician
2991,plumber
2991,cleaner
2992,carpenter
2993,plumber
2993,cleaner
2994,house-rental
2994,cleaner
2994,movers
2995,plumber
2995,electrician
2996,cleaner
2996,house-rental
2996,plumber
2996,electrician
2997,painter
2998,carpenter
2998,painter
2998,electrician
2999,cleaner
2999,movers
3000,cleaner
3000,movers
3001,house-rental
3001,plumber
3001,electrician
3001,movers
3002,house-rental
3002,plumber
3002,cleaner
3002,movers
3003,house-rental
3003,cleaner
3003,movers
3004,house-rental
3004,plumber
3004,electrician
3004,movers
3005,painter
3005,house-rental
3005,cleaner
3006,carpenter
3006,house-rental
3006,cleaner
3006,movers
3007,electrician
3008,electrician
3009,internet-setup
3010,house-rental
3011,internet-setup
3012,carpenter
3012,cleaner
3012,movers
3013,house-rental
3013,plumber
3013,movers
3014,cleaner
3014,movers
3015,plumber
3015,electrician
3016,house-rental
3016,plumber
3016,electrician
3016,movers
3017,internet-setup
3017,movers
3018,internet-setup
3018,house-rental
3018,carpenter
3019,house-rental
3019,plumber
3019,cleaner
3019,movers
3020,house-rental
3020,plumber
3020,cleaner
3020,movers
3021,carpenter
3021,painter
3022,internet-setup
3022,house-rental
3022,cleaner
3023,carpenter
3023,house-rental
3023,cleaner
3024,internet-setup
3024,house-rental
3024,movers
3025,internet-setup
3025,house-rental
3025,plumber
3025,movers
3026,plumber
3026,electrician
3027,plumber
3027,electrician
3028,movers
3029,carpenter
3029,house-rental
3029,electrician
3030,painter
3030,electrician
3030,movers
3031,cleaner
3031,house-rental
3031,plumber
3031,electrician
3032,house-rental
3032,plumber
3032,electrician
3032,movers
3033,cleaner
3033,house-rental
3033,electrician
3033,movers
3034,plumber
3034,electrician
3035,plumber
3035,electrician
3036,carpenter
3036,painter
3037,cleaner
3038,house-rental
3038,plumber
3038,electrician
3038,movers
3039,plumber
3039,electrician
3040,house-rental
3040,plumber
3040,electrician
3040,movers
3041,house-rental
3041,plumber
3041,electrician
3041,movers
3042,painter
3042,plumber
3042,electrician
3043,painter
3043,cleaner
3044,cleaner
3044,house-rental
3044,plumber
3044,electrician
3045,plumber
3045,electrician
3046,carpenter
3047,plumber
3047,electrician
3048,house-rental
3048,plumber
3048,electrician
3048,movers
3049,plumber
3050,cleaner
3050,house-rental
3050,electrician
3050,movers
3051,carpenter
3051,plumber
3051,electrician
3052,carpenter
3052,cleaner
3052,electrician
3053,internet-setup
3053,house-rental
3053,electrician
3054,house-rental
3054,cleaner
3054,movers
3055,plumber
3055,cleaner
3055,electrician
3056,cleaner
3056,movers
3057,painter
3057,plumber
3057,electrician
3058,painter
3058,house-rental
3058,cleaner
3058,electrician
3059,carpenter
3059,plumber
3060,carpenter
3061,house-rental
3062,cleaner
3062,house-rental
3062,electrician
3062,movers
3063,cleaner
3063,house-rental
3063,electrician
3063,movers
3064,plumber
3064,electrician
3065,carpenter
3065,house-rental
3065,plumber
3065,cleaner
3066,carpenter
3066,house-rental
3066,electrician
3067,plumber
3067,electrician
3068,carpenter
3068,electrician
3069,plumber
3070,cleaner
3070,movers
3071,internet-setup
3071,house-rental
3071,cleaner
3072,carpenter
3072,house-rental
3072,plumber
3072,painter
3073,internet-setup
3073,house-rental
3073,plumber
3073,electrician
3074,cleaner
3075,cleaner
3075,plumber
3075,electrician
3076,house-rental
3076,plumber
3076,electrician
3076,movers
3077,electrician
3078,carpenter
3078,painter
3079,internet-setup
3079,house-rental
3079,electrician
3079,movers
3080,internet-setup
3080,house-rental
3080,plumber
3080,cleaner
3081,internet-setup
3081,house-rental
3082,painter
3082,house-rental
3082,cleaner
3083,painter
3083,plumber
3083,electrician
3084,carpenter
3084,painter
3085,plumber
3086,house-rental
3086,cleaner
3086,movers
3087,carpenter
3087,plumber
3087,movers
3088,cleaner
3089,plumber
3090,carpenter
3090,plumber
3091,painter
3091,electrician
3092,movers
3093,carpenter
3093,movers
3094,carpenter
3094,electrician
3095,cleaner
3096,carpenter
3096,plumber
3096,movers
3097,carpenter
3097,plumber
3097,electrician
3098,internet-setup
3098,house-rental
3098,cleaner
3099,house-rental
3099,plumber
3099,electrician
3099,movers
3100,house-rental
3100,plumber
3100,movers
3101,plumber
3101,cleaner
3102,painter
3102,house-rental
3102,electrician
3103,internet-setup
3103,house-rental
3103,plumber
3103,movers
3104,cleaner
3105,house-rental
3105,cleaner
3106,carpenter
3106,painter
3107,cleaner
3107,house-rental
3107,plumber
3107,electrician
3108,carpenter
3108,plumber
3108,cleaner
3109,internet-setup
3109,house-rental
3109,movers
3110,internet-setup
3111,plumber
3111,cleaner
3112,carpenter
3112,painter
3113,carpenter
3113,house-rental
3113,movers
3114,cleaner
3114,house-rental
3114,electrician
3114,movers
3115,plumber
3116,plumber
3117,carpenter
3117,internet-setup
3117,painter
3118,carpenter
3118,plumber
3119,house-rental
3119,plumber
3119,cleaner
3119,movers
3120,painter
3120,electrician
3121,plumber
3121,electrician
3122,carpenter
3122,internet-setup
3122,plumber
3122,cleaner
3123,painter
3123,electrician
3124,painter
3124,electrician
3125,carpenter
3125,electrician
3126,house-rental
3126,plumber
3126,cleaner
3126,movers
3127,cleaner
3127,house-rental
3127,electrician
3127,movers
3128,cleaner
3129,carpenter
3130,house-rental
3130,cleaner
3130,movers
3131,electrician
3132,plumber
3133,painter
3134,cleaner
3134,house-rental
3134,electrician
3134,movers
3135,house-rental
3135,plumber
3135,cleaner
3135,movers
3136,carpenter
3136,house-rental
3136,movers
3137,carpenter
3138,cleaner
3139,carpenter
3139,house-rental
3139,plumber
3140,house-rental
3140,plumber
3140,cleaner
3140,movers
3141,carpenter
3141,painter
3141,electrician
3142,carpenter
3142,electrician
3143,cleaner
3144,painter
3144,cleaner
3145,cleaner
3145,house-rental
3145,carpenter
3145,electrician
3146,house-rental
3146,plumber
3146,electrician
3146,movers
3147,carpenter
3147,painter
3147,electrician
3148,cleaner
3148,house-rental
3148,plumber
3148,electrician
3149,carpenter
3149,painter
3149,house-rental
3149,electrician
3150,cleaner
3151,painter
3151,house-rental
3151,cleaner
3151,movers
3152,carpenter
3152,painter
3153,house-rental
3153,cleaner
3153,movers
3154,painter
3154,cleaner
3155,carpenter
3156,electrician
3157,internet-setup
3157,house-rental
3157,electrician
3157,movers
3158,painter
3158,cleaner
3159,house-rental
3159,plumber
3159,cleaner
3160,house-rental
3160,plumber
3160,cleaner
3161,house-rental
3161,cleaner
3162,carpenter
3162,electrician
3163,carpenter
3163,painter
3164,electrician
3165,carpenter
3166,internet-setup
3166,house-rental
3166,cleaner
3167,cleaner
3167,house-rental
3167,electrician
3167,internet-setup
3168,painter
3169,cleaner
3169,house-rental
3169,electrician
3169,movers
3170,internet-setup
3170,house-rental
3170,movers
3171,carpenter
3171,painter
3171,plumber
3171,electrician
3172,internet-setup
3172,painter
3172,electrician
3173,house-rental
3173,electrician
3174,house-rental
3174,cleaner
3175,cleaner
3175,house-rental
3175,electrician
3175,movers
3176,internet-setup
3176,house-rental
3176,carpenter
3176,electrician
3177,cleaner
3178,carpenter
3178,house-rental
3178,electrician
3178,movers
3179,carpenter
3179,house-rental
3179,plumber
3179,electrician
3180,painter
3180,plumber
3180,house-rental
3180,electrician
3181,carpenter
3181,plumber
3182,painter
3183,house-rental
3183,plumber
3183,cleaner
3184,painter
3184,plumber
3184,electrician
3185,carpenter
3185,painter
3186,carpenter
3186,plumber
3186,painter
3187,carpenter
3187,plumber
3187,electrician
3188,carpenter
3188,internet-setup
3189,painter
3190,carpenter
3190,plumber
3191,carpenter
3191,electrician
3192,cleaner
3192,movers
3193,house-rental
3193,painter
3193,movers
3194,carpenter
3194,plumber
3195,painter
3196,house-rental
3196,plumber
3196,electrician
3196,movers
3197,plumber
3198,plumber
3198,electrician
3199,cleaner
3199,house-rental
3199,plumber
3199,electrician
3200,house-rental
3200,cleaner
3200,movers
3201,house-rental
3201,plumber
3201,cleaner
3201,movers
3202,carpenter
3202,plumber
3202,painter
3203,plumber
3203,cleaner
3204,carpenter
3204,painter
3204,movers
3205,carpenter
3206,carpenter
3206,plumber
3206,electrician
3207,carpenter
3207,plumber
3207,electrician
3208,house-rental
3208,movers
3209,carpenter
3209,painter
3210,cleaner
3210,house-rental
3210,plumber
3210,electrician
3211,cleaner
3211,house-rental
3211,plumber
3211,electrician
3212,house-rental
3212,cleaner
3213,cleaner
3213,movers
3214,house-rental
3214,cleaner
3214,movers
3215,cleaner
3215,house-rental
3215,plumber
3215,electrician
3216,cleaner
3216,electrician
3217,carpenter
3217,cleaner
3217,plumber
3217,electrician
3218,carpenter
3218,plumber
3218,electrician
3219,cleaner
3219,house-rental
3219,plumber
3219,electrician
3220,house-rental
3220,plumber
3220,movers
3221,carpenter
3221,plumber
3222,internet-setup
3222,movers
3223,carpenter
3223,painter
3223,electrician
3224,house-rental
3224,plumber
3224,cleaner
3225,cleaner
3225,house-rental
3225,electrician
3225,movers
3226,cleaner
3226,house-rental
3226,plumber
3226,electrician
3227,electrician
3228,carpenter
3228,painter
3228,electrician
3229,painter
3230,painter
3231,internet-setup
3232,carpenter
3233,cleaner
3233,house-rental
3233,electrician
3233,movers
3234,electrician
3235,carpenter
3235,movers
3236,cleaner
3237,plumber
3238,plumber
3239,carpenter
3239,painter
3239,electrician
3240,carpenter
3240,internet-setup
3240,cleaner
3240,movers
3241,electrician
3242,internet-setup
3242,house-rental
3242,cleaner
3243,cleaner
3243,movers
3244,house-rental
3244,plumber
3244,electrician
3244,movers
3245,cleaner
3245,movers
3246,cleaner
3246,movers
3247,internet-setup
3247,painter
3248,painter
3248,electrician
3249,painter
3249,electrician
3250,painter
3250,movers
3251,cleaner
3251,house-rental
3251,electrician
3251,movers
3252,house-rental
3252,plumber
3252,electrician
3252,movers
3253,painter
3253,plumber
3253,electrician
3254,cleaner
3254,house-rental
3254,electrician
3254,movers
3255,plumber
3255,electrician
3256,electrician
3256,movers
3257,cleaner
3257,movers
3258,cleaner
3259,carpenter
3259,painter
3260,painter
3261,house-rental
3261,plumber
3261,electrician
3262,carpenter
3262,plumber
3263,internet-setup
3263,cleaner
3263,movers
3264,painter
3264,electrician
3265,plumber
3265,electrician
3266,electrician
3266,movers
3267,cleaner
3268,painter
3269,cleaner
3269,plumber
3269,electrician
3270,house-rental
3270,plumber
3270,electrician
3270,movers
3271,internet-setup
3271,house-rental
3271,cleaner
3271,movers
3272,house-rental
3272,plumber
3272,electrician
3272,movers
3273,carpenter
3274,carpenter
3274,plumber
3274,electrician
3275,house-rental
3275,plumber
3275,electrician
3275,movers
3276,carpenter
3276,internet-setup
3277,house-rental
3277,cleaner
3277,movers
3278,house-rental
3278,cleaner
3278,movers
3279,internet-setup
3279,house-rental
3279,electrician
3279,movers
3280,plumber
3280,electrician
3281,painter
3281,electrician
3282,carpenter
3282,plumber
3282,electrician
3283,carpenter
3283,plumber
3283,electrician
3284,painter
3284,plumber
3284,house-rental
3284,electrician
3285,house-rental
3285,plumber
3285,movers
3286,house-rental
3286,plumber
3286,movers
3287,cleaner
3287,house-rental
3287,electrician
3287,movers
3288,plumber
3288,electrician
3289,cleaner
3290,house-rental
3290,plumber
3290,cleaner
3290,movers
3291,cleaner
3291,electrician
3292,house-rental
3292,plumber
3292,cleaner
3293,cleaner
3294,carpenter
3294,plumber
3295,painter
3296,carpenter
3296,house-rental
3296,painter
3296,electrician
3297,internet-setup
3297,movers
3298,carpenter
3298,plumber
3298,electrician
3299,house-rental
3299,electrician
3299,movers
3300,internet-setup
3300,cleaner
3300,movers
3301,painter
3301,house-rental
3301,cleaner
3301,movers
3302,carpenter
3302,cleaner
3302,plumber
3302,electrician
3303,cleaner
3304,carpenter
3304,house-rental
3304,plumber
3304,cleaner
3305,plumber
3305,electrician
3306,cleaner
3307,internet-setup
3308,electrician
3309,cleaner
3309,house-rental
3309,electrician
3309,movers
3310,electrician
3311,house-rental
3311,plumber
3311,electrician
3311,movers
3312,internet-setup
3312,house-rental
3312,cleaner
3312,movers
3313,carpenter
3313,painter
3313,electrician
3314,house-rental
3314,plumber
3314,cleaner
3314,movers
3315,plumber
3315,electrician
3316,internet-setup
3316,movers
3317,painter
3317,electrician
3318,cleaner
3319,plumber
3319,cleaner
3320,carpenter
3320,plumber
3321,cleaner
3321,movers
3322,house-rental
3322,electrician
3323,carpenter
3323,plumber
3323,painter
3324,carpenter
3324,house-rental
3324,electrician
3325,internet-setup
3325,house-rental
3325,movers
3326,cleaner
3326,house-rental
3326,electrician
3326,internet-setup
3327,house-rental
3327,plumber
3328,house-rental
3328,plumber
3328,cleaner
3328,movers
3329,internet-setup
3329,house-rental
3329,carpenter
3329,cleaner
3330,carpenter
3330,painter
3331,carpenter
3331,painter
3332,internet-setup
3332,house-rental
3332,cleaner
3332,movers
3333,internet-setup
3333,house-rental
3333,plumber
3333,movers
3334,internet-setup
3334,house-rental
3334,cleaner
3334,movers
3335,internet-setup
3335,cleaner
3335,movers
3336,carpenter
3336,electrician
3337,electrician
3338,carpenter
3338,painter
3338,electrician
3339,carpenter
3339,house-rental
3339,painter
3339,cleaner
3340,carpenter
3340,electrician
3341,internet-setup
3341,movers
3342,plumber
3343,cleaner
3344,carpenter
3344,plumber
3344,electrician
3345,house-rental
3345,cleaner
3345,movers
3346,cleaner
3346,house-rental
3346,electrician
3346,movers
3347,internet-setup
3347,house-rental
3347,cleaner
3347,movers
3348,painter
3348,cleaner
3349,movers
3350,cleaner
3350,house-rental
3350,electrician
3350,movers
3351,cleaner
3351,movers
3352,cleaner
3353,carpenter
3354,painter
3354,plumber
3354,electrician
3355,house-rental
3355,cleaner
3355,movers
3356,painter
3356,electrician
3357,house-rental
3357,plumber
3357,electrician
3357,movers
3358,carpenter
3358,plumber
3358,cleaner
3359,internet-setup
3360,carpenter
3360,electrician
3361,cleaner
3361,house-rental
3361,electrician
3361,movers
3362,house-rental
3362,plumber
3362,cleaner
3362,movers
3363,internet-setup
3363,house-rental
3363,electrician
3363,movers
3364,house-rental
3364,cleaner
3365,electrician
3366,electrician
3367,carpenter
3367,cleaner
3367,plumber
3367,electrician
3368,cleaner
3369,house-rental
3369,plumber
3369,movers
3370,house-rental
3370,plumber
3370,cleaner
3370,movers
3371,carpenter
3371,internet-setup
3371,electrician
3372,carpenter
3372,plumber
3373,carpenter
3373,painter
3373,house-rental
3373,electrician
3374,carpenter
3374,plumber
3375,carpenter
3375,plumber
3376,internet-setup
3376,house-rental
3376,plumber
3376,electrician
3377,painter
3377,plumber
3377,electrician
3378,cleaner
3379,house-rental
3379,electrician
3380,carpenter
3380,electrician
3381,carpenter
3381,plumber
3382,plumber
3383,house-rental
3383,cleaner
3384,plumber
3385,carpenter
3385,plumber
3385,cleaner
3386,carpenter
3386,painter
3387,carpenter
3387,plumber
3387,electrician
3388,cleaner
3388,movers
3389,carpenter
3389,internet-setup
3389,painter
3390,painter
3390,cleaner
3391,house-rental
3391,cleaner
3392,carpenter
3392,house-rental
3392,plumber
3392,movers
3393,house-rental
3393,plumber
3393,electrician
3393,movers
3394,cleaner
3394,house-rental
3394,plumber
3394,electrician
3395,house-rental
3395,plumber
3395,electrician
3395,movers
3396,carpenter
3396,painter
3396,electrician
3397,cleaner
3397,movers
3398,plumber
3399,internet-setup
3399,house-rental
3399,movers
3400,internet-setup
3401,internet-setup
3401,house-rental
3401,electrician
3401,movers
3402,internet-setup
3402,house-rental
3403,carpenter
3403,house-rental
3403,cleaner
3403,movers
3404,house-rental
3404,electrician
3404,cleaner
3404,movers
3405,internet-setup
3405,house-rental
3405,carpenter
3405,movers
3406,house-rental
3406,plumber
3406,cleaner
3407,painter
3407,cleaner
3407,movers
3408,cleaner
3409,plumber
3409,electrician
3410,house-rental
3410,electrician
3410,movers
3411,painter
3411,electrician
3412,electrician
3413,internet-setup
3413,house-rental
3413,plumber
3413,movers
3414,carpenter
3414,house-rental
3414,cleaner
3415,internet-setup
3415,cleaner
3416,cleaner
3416,house-rental
3416,plumber
3416,electrician
3417,house-rental
3417,plumber
3417,electrician
3417,movers
3418,plumber
3419,internet-setup
3419,movers
3420,house-rental
3420,cleaner
3420,movers
3421,internet-setup
3422,cleaner
3423,internet-setup
3423,cleaner
3424,painter
3425,carpenter
3425,painter
3426,house-rental
3426,plumber
3426,electrician
3426,movers
3427,carpenter
3427,painter
3428,internet-setup
3429,cleaner
3429,movers
3430,internet-setup
3430,electrician
3430,movers
3431,house-rental
3431,plumber
3431,cleaner
3432,internet-setup
3432,house-rental
3432,electrician
3433,house-rental
3433,cleaner
3433,movers
3434,painter
3435,carpenter
3435,electrician
3435,movers
3436,carpenter
3436,electrician
3437,carpenter
3437,painter
3437,plumber
3437,electrician
3438,carpenter
3438,painter
3438,electrician
3439,internet-setup
3439,house-rental
3439,plumber
3439,painter
3440,plumber
3440,painter
3440,electrician
3441,plumber
3442,electrician
3443,cleaner
3443,house-rental
3443,electrician
3443,movers
3444,house-rental
3444,cleaner
3445,electrician
3446,internet-setup
3447,plumber
3447,cleaner
3448,plumber
3448,electrician
3449,internet-setup
3449,house-rental
3449,plumber
3449,cleaner
3450,internet-setup
3450,electrician
3451,house-rental
3451,plumber
3451,electrician
3451,movers
3452,plumber
3453,painter
3454,house-rental
3454,plumber
3454,cleaner
3454,movers
3455,internet-setup
3455,house-rental
3455,cleaner
3455,movers
3456,carpenter
3456,plumber
3457,internet-setup
3458,internet-setup
3458,carpenter
3459,cleaner
3459,house-rental
3459,plumber
3459,electrician
3460,cleaner
3460,house-rental
3460,electrician
3460,movers
3461,house-rental
3462,electrician
3463,house-rental
3463,plumber
3463,electrician
3464,cleaner
3465,carpenter
3465,movers
3466,painter
3466,electrician
3467,plumber
3468,cleaner
3468,house-rental
3468,electrician
3469,cleaner
3470,house-rental
3470,cleaner
3470,movers
3471,house-rental
3471,movers
3472,electrician
3473,carpenter
3473,painter
3473,electrician
3474,internet-setup
3474,painter
3475,electrician
3476,plumber
3476,electrician
3477,internet-setup
3478,carpenter
3479,carpenter
3479,plumber
3479,electrician
3480,internet-setup
3481,carpenter
3481,plumber
3482,carpenter
3482,house-rental
3483,painter
3483,electrician
3484,internet-setup
3485,plumber
3485,electrician
3486,carpenter
3486,internet-setup
3486,cleaner
3486,movers
3487,cleaner
3487,movers
3488,house-rental
3488,plumber
3488,cleaner
3488,movers
3489,painter
3490,cleaner
3490,house-rental
3490,plumber
3490,electrician
3491,house-rental
3491,plumber
3491,cleaner
3491,movers
3492,cleaner
3492,house-rental
3492,electrician
3493,carpenter
3493,plumber
3494,internet-setup
3494,movers
3495,cleaner
3495,house-rental
3495,plumber
3495,electrician
3496,house-rental
3496,cleaner
3496,movers
3497,plumber
3497,electrician
3498,internet-setup
3498,house-rental
3498,electrician
3498,movers
3499,carpenter
3499,internet-setup
3499,cleaner
3499,movers
3500,cleaner
3500,movers
3501,house-rental
3501,plumber
3501,electrician
3501,movers
3502,electrician
3503,painter
3504,plumber
3504,electrician
3505,house-rental
3505,cleaner
3505,movers
3506,cleaner
3507,plumber
3507,electrician
3508,carpenter
3508,house-rental
3508,electrician
3509,internet-setup
3509,house-rental
3509,cleaner
3510,cleaner
3510,plumber
3510,electrician
3511,house-rental
3511,plumber
3511,cleaner
3511,movers
3512,cleaner
3512,house-rental
3512,plumber
3512,electrician
3513,cleaner
3513,house-rental
3513,plumber
3513,electrician
3514,carpenter
3514,painter
3515,internet-setup
3515,house-rental
3515,plumber
3515,movers
3516,carpenter
3516,cleaner
3516,movers
3517,carpenter
3517,painter
3517,cleaner
3517,movers
3518,carpenter
3519,plumber
3519,cleaner
3520,plumber
3520,cleaner
3521,cleaner
3522,house-rental
3522,plumber
3522,movers
3523,plumber
3523,electrician
3524,internet-setup
3524,house-rental
3524,electrician
3524,movers
3525,plumber
3526,house-rental
3527,internet-setup
3527,house-rental
3527,plumber
3528,plumber
3529,internet-setup
3529,house-rental
3529,plumber
3529,cleaner
3530,house-rental
3530,plumber
3530,cleaner
3530,movers
3531,carpenter
3531,plumber
3531,painter
3532,cleaner
3532,plumber
3532,electrician
3533,painter
3533,plumber
3533,electrician
3534,house-rental
3534,plumber
3534,electrician
3534,movers
3535,painter
3536,carpenter
3536,plumber
3536,electrician
3537,plumber
3537,electrician
3538,carpenter
3538,painter
3539,house-rental
3539,cleaner
3539,movers
3540,internet-setup
3540,house-rental
3540,movers
3541,house-rental
3541,plumber
3541,electrician
3541,movers
3542,carpenter
3542,house-rental
3542,plumber
3543,painter
3543,movers
3544,carpenter
3544,house-rental
3545,internet-setup
3545,house-rental
3545,plumber
3545,cleaner
3546,carpenter
3546,house-rental
3546,cleaner
3546,movers
3547,plumber
3547,electrician
3548,plumber
3549,carpenter
3549,electrician
3550,plumber
3550,electrician
3551,cleaner
3551,house-rental
3551,plumber
3551,electrician
3552,carpenter
3552,house-rental
3552,plumber
3552,electrician
3553,plumber
3554,painter
3554,electrician
3555,house-rental
3555,cleaner
3555,movers
3556,internet-setup
3556,electrician
3557,house-rental
3557,plumber
3558,cleaner
3558,house-rental
3558,electrician
3558,movers
3559,plumber
3560,plumber
3561,cleaner
3562,internet-setup
3562,house-rental
3562,movers
3563,carpenter
3563,painter
3563,house-rental
3563,electrician
3564,cleaner
3565,cleaner
3565,house-rental
3565,plumber
3565,electrician
3566,house-rental
3566,plumber
3566,electrician
3566,movers
3567,carpenter
3567,painter
3568,carpenter
3568,electrician
3569,internet-setup
3570,electrician
3571,house-rental
3571,plumber
3571,electrician
3571,movers
3572,painter
3573,plumber
3573,electrician
3574,cleaner
3574,house-rental
3574,plumber
3574,electrician
3575,painter
3576,carpenter
3576,plumber
3577,cleaner
3577,house-rental
3577,electrician
3577,internet-setup
3578,cleaner
3578,house-rental
3578,electrician
3578,movers
3579,house-rental
3579,electrician
3580,internet-setup
3580,movers
3581,carpenter
3581,painter
3581,electrician
3582,cleaner
3582,house-rental
3582,carpenter
3582,electrician
3583,internet-setup
3584,internet-setup
3585,internet-setup
3585,house-rental
3585,movers
3586,carpenter
3586,electrician
3587,cleaner
3588,house-rental
3588,cleaner
3589,carpenter
3589,painter
3590,cleaner
3590,house-rental
3590,plumber
3590,electrician
3591,carpenter
3591,painter
3592,internet-setup
3592,painter
3592,electrician
3593,house-rental
3593,plumber
3593,cleaner
3594,carpenter
3594,plumber
3594,electrician
3595,house-rental
3595,plumber
3595,electrician
3595,movers
3596,internet-setup
3596,house-rental
3596,electrician
3597,internet-setup
3597,house-rental
3597,plumber
3598,house-rental
3598,electrician
3599,internet-setup
3600,carpenter
3600,plumber
3601,cleaner
3601,house-rental
3601,electrician
3601,movers
3602,house-rental
3602,plumber
3602,cleaner
3603,house-rental
3603,plumber
3603,electrician
3603,movers
3604,carpenter
3604,plumber
3604,electrician
3605,carpenter
3605,internet-setup
3605,house-rental
3605,movers
3606,plumber
3606,electrician
3607,internet-setup
3608,plumber
3608,electrician
3609,carpenter
3609,house-rental
3609,plumber
3609,electrician
3610,cleaner
3610,house-rental
3610,electrician
3611,carpenter
3611,electrician
3612,internet-setup
3612,house-rental
3612,plumber
3612,cleaner
3613,cleaner
3613,house-rental
3613,electrician
3613,internet-setup
3614,carpenter
3614,internet-setup
3614,painter
3614,movers
3615,carpenter
3615,house-rental
3615,plumber
3615,electrician
3616,plumber
3617,electrician
3618,carpenter
3618,painter
3618,house-rental
3618,electrician
3619,carpenter
3619,house-rental
3619,cleaner
3619,movers
3620,carpenter
3620,plumber
3620,electrician
3621,electrician
3622,carpenter
3622,plumber
3622,electrician
3623,internet-setup
3623,house-rental
3623,cleaner
3623,movers
3624,house-rental
3624,cleaner
3624,movers
3625,internet-setup
3625,carpenter
3625,movers
3626,plumber
3626,electrician
3627,cleaner
3627,house-rental
3627,electrician
3627,movers
3628,cleaner
3628,movers
3629,carpenter
3629,cleaner
3629,movers
3630,electrician
3631,plumber
3631,cleaner
3632,carpenter
3632,electrician
3633,plumber
3633,cleaner
3634,plumber
3635,house-rental
3635,plumber
3635,electrician
3636,carpenter
3636,painter
3636,electrician
3637,carpenter
3637,painter
3637,plumber
3637,electrician
3638,carpenter
3638,plumber
3639,electrician
3640,internet-setup
3640,house-rental
3640,plumber
3640,movers
3641,plumber
3642,carpenter
3642,house-rental
3642,plumber
3643,carpenter
3643,internet-setup
3643,cleaner
3643,movers
3644,electrician
3645,house-rental
3645,plumber
3645,electrician
3645,movers
3646,internet-setup
3646,house-rental
3646,movers
3647,house-rental
3647,electrician
3648,cleaner
3648,house-rental
3648,electrician
3649,cleaner
3649,movers
3650,carpenter
3650,house-rental
3650,electrician
3651,internet-setup
3652,cleaner
3653,carpenter
3654,cleaner
3654,movers
3655,cleaner
3655,movers
3656,internet-setup
3656,cleaner
3656,movers
3657,plumber
3657,cleaner
3658,cleaner
3658,house-rental
3658,electrician
3658,movers
3659,cleaner
3659,house-rental
3659,electrician
3659,internet-setup
3660,house-rental
3661,cleaner
3661,house-rental
3661,electrician
3661,movers
3662,internet-setup
3662,movers
3663,cleaner
3663,house-rental
3663,electrician
3663,movers
3664,carpenter
3664,electrician
3665,movers
3666,internet-setup
3666,movers
3667,house-rental
3667,plumber
3667,electrician
3667,movers
3668,painter
3668,house-rental
3668,electrician
3669,plumber
3670,internet-setup
3670,house-rental
3670,cleaner
3670,movers
3671,plumber
3671,cleaner
3672,internet-setup
3672,house-rental
3672,movers
3673,house-rental
3673,cleaner
3674,cleaner
3674,movers
3675,internet-setup
3675,movers
3676,house-rental
3676,cleaner
3676,movers
3677,house-rental
3677,cleaner
3677,movers
3678,carpenter
3679,cleaner
3679,house-rental
3679,plumber
3679,electrician
3680,movers
3681,carpenter
3681,electrician
3681,movers
3682,plumber
3683,house-rental
3683,plumber
3684,carpenter
3684,painter
3685,painter
3685,electrician
3686,house-rental
3686,cleaner
3687,house-rental
3687,cleaner
3687,movers
3688,cleaner
3688,house-rental
3688,electrician
3688,movers
3689,carpenter
3689,plumber
3690,house-rental
3690,movers
3691,cleaner
3691,house-rental
3691,electrician
3691,movers
3692,internet-setup
3692,house-rental
3692,cleaner
3692,movers
3693,plumber
3694,house-rental
3694,painter
3695,house-rental
3695,cleaner
3696,house-rental
3696,cleaner
3697,cleaner
3697,house-rental
3697,electrician
3698,internet-setup
3698,house-rental
3698,movers
3699,carpenter
3699,house-rental
3699,plumber
3700,internet-setup
3700,house-rental
3700,carpenter
3701,plumber
3701,electrician
3702,carpenter
3702,electrician
3703,house-rental
3703,plumber
3703,electrician
3704,cleaner
3704,house-rental
3704,electrician
3704,movers
3705,carpenter
3705,painter
3706,carpenter
3706,house-rental
3706,plumber
3706,cleaner
3707,electrician
3708,internet-setup
3708,cleaner
3708,movers
3709,carpenter
3709,house-rental
3709,electrician
3709,movers
3710,painter
3710,house-rental
3710,electrician
3710,movers
3711,electrician
3712,painter
3712,house-rental
3712,cleaner
3712,movers
3713,house-rental
3713,electrician
3713,movers
3714,plumber
3714,electrician
3715,cleaner
3715,movers
3716,internet-setup
3716,house-rental
3716,movers
3717,house-rental
3717,plumber
3717,cleaner
3717,movers
3718,internet-setup
3718,house-rental
3718,plumber
3718,electrician
3719,house-rental
3719,cleaner
3720,house-rental
3720,plumber
3720,electrician
3720,movers
3721,painter
3722,carpenter
3722,painter
3722,plumber
3722,electrician
3723,carpenter
3723,painter
3723,plumber
3723,electrician
3724,cleaner
3724,painter
3725,internet-setup
3725,house-rental
3726,internet-setup
3726,house-rental
3726,plumber
3726,electrician
3727,cleaner
3727,house-rental
3727,plumber
3727,electrician
3728,internet-setup
3728,house-rental
3728,plumber
3728,cleaner
3729,house-rental
3729,plumber
3729,electrician
3730,house-rental
3730,cleaner
3730,movers
3731,internet-setup
3731,electrician
3732,cleaner
3733,electrician
3734,carpenter
3735,electrician
3736,carpenter
3737,movers
3738,cleaner
3738,movers
3739,house-rental
3739,movers
3740,cleaner
3740,house-rental
3740,electrician
3740,movers
3741,cleaner
3742,house-rental
3742,plumber
3742,electrician
3742,movers
3743,internet-setup
3743,house-rental
3743,plumber
3743,electrician
3744,internet-setup
3744,house-rental
3744,movers
3745,house-rental
3745,cleaner
3745,movers
3746,internet-setup
3746,cleaner
3746,movers
3747,cleaner
3747,movers
3748,internet-setup
3748,plumber
3748,electrician
3749,house-rental
3749,plumber
3749,cleaner
3749,movers
3750,carpenter
3750,painter
3751,internet-setup
3751,house-rental
3752,carpenter
3752,painter
3753,plumber
3754,carpenter
3754,painter
3755,cleaner
3755,house-rental
3755,electrician
3755,movers
3756,plumber
3757,electrician
3758,internet-setup
3758,electrician
3759,plumber
3760,internet-setup
3760,house-rental
3760,cleaner
3760,movers
3761,carpenter
3761,electrician
3762,painter
3762,plumber
3762,electrician
3763,internet-setup
3763,house-rental
3763,cleaner
3763,movers
3764,carpenter
3764,cleaner
3765,house-rental
3765,cleaner
3766,carpenter
3766,house-rental
3766,electrician
3767,carpenter
3767,painter
3768,painter
3768,cleaner
3769,house-rental
3769,cleaner
3769,movers
3770,plumber
3770,electrician
3771,electrician
3772,internet-setup
3772,plumber
3772,electrician
3773,painter
3774,cleaner
3775,carpenter
3775,plumber
3776,plumber
3777,cleaner
3777,house-rental
3777,plumber
3777,electrician
3778,cleaner
3778,house-rental
3778,electrician
3778,movers
3779,internet-setup
3779,plumber
3779,movers
3780,plumber
3781,carpenter
3781,internet-setup
3781,cleaner
3781,movers
3782,house-rental
3782,plumber
3782,electrician
3782,movers
3783,carpenter
3783,plumber
3783,electrician
3784,house-rental
3784,plumber
3784,electrician
3785,cleaner
3785,movers
3786,internet-setup
3786,house-rental
3786,movers
3787,internet-setup
3787,house-rental
3787,electrician
3788,electrician
3789,cleaner
3790,cleaner
3790,electrician
3791,plumber
3792,painter
3792,electrician
3793,plumber
3793,electrician
3794,painter
3794,electrician
3795,carpenter
3795,plumber
3795,cleaner
3796,carpenter
3796,plumber
3796,electrician
3797,cleaner
3797,house-rental
3797,electrician
3798,plumber
3799,house-rental
3799,electrician
3799,movers
3800,internet-setup
3800,movers
3801,plumber
3802,internet-setup
3803,plumber
3803,cleaner
3804,movers
3805,cleaner
3805,house-rental
3805,plumber
3805,electrician
3806,carpenter
3806,painter
3807,painter
3808,cleaner
3808,house-rental
3808,electrician
3809,house-rental
3809,cleaner
3809,movers
3810,carpenter
3810,painter
3811,carpenter
3811,plumber
3811,electrician
3812,internet-setup
3812,movers
3813,movers
3813,cleaner
3813,electrician
3814,carpenter
3814,cleaner
3814,plumber
3814,electrician
3815,carpenter
3816,carpenter
3817,carpenter
3817,painter
3818,internet-setup
3818,cleaner
3818,movers
3819,carpenter
3819,movers
3820,painter
3821,cleaner
3821,movers
3822,internet-setup
3822,house-rental
3822,cleaner
3822,movers
3823,cleaner
3824,plumber
3824,electrician
3825,electrician
3826,internet-setup
3826,movers
3827,carpenter
3827,cleaner
3827,painter
3828,cleaner
3828,house-rental
3828,painter
3828,electrician
3829,plumber
3830,internet-setup
3830,movers
3831,house-rental
3831,cleaner
3832,plumber
3833,internet-setup
3833,house-rental
3833,plumber
3833,electrician
3834,cleaner
3834,house-rental
3834,plumber
3834,electrician
3835,cleaner
3835,house-rental
3835,electrician
3835,internet-setup
3836,plumber
3837,painter
3837,electrician
3838,painter
3838,electrician
3839,house-rental
3839,cleaner
3840,cleaner
3840,movers
3841,house-rental
3841,plumber
3841,electrician
3841,movers
3842,painter
3843,internet-setup
3843,house-rental
3843,carpenter
3843,painter
3844,internet-setup
3845,plumber
3846,plumber
3847,house-rental
3847,plumber
3847,cleaner
3847,movers
3848,house-rental
3848,plumber
3848,cleaner
3848,movers
3849,painter
3849,plumber
3849,house-rental
3849,electrician
3850,carpenter
3850,plumber
3851,painter
3851,electrician
3852,carpenter
3852,electrician
3853,cleaner
3854,internet-setup
3854,cleaner
3854,movers
3855,carpenter
3855,internet-setup
3855,cleaner
3855,movers
3856,plumber
3856,cleaner
3857,internet-setup
3857,painter
3857,movers
3858,electrician
3859,house-rental
3859,cleaner
3859,movers
3860,cleaner
3861,house-rental
3861,cleaner
3862,carpenter
3862,plumber
3863,house-rental
3863,electrician
3863,movers
3864,internet-setup
3864,plumber
3864,electrician
3865,cleaner
3865,house-rental
3865,electrician
3865,movers
3866,cleaner
3866,plumber
3866,electrician
3867,electrician
3868,plumber
3869,carpenter
3869,internet-setup
3869,electrician
3870,cleaner
3870,house-rental
3870,electrician
3870,movers
3871,house-rental
3871,plumber
3871,electrician
3871,movers
3872,plumber
3872,electrician
3873,painter
3873,movers
3874,carpenter
3874,plumber
3875,cleaner
3875,plumber
3875,electrician
3876,internet-setup
3877,house-rental
3877,movers
3878,plumber
3878,electrician
3879,cleaner
3879,house-rental
3879,plumber
3879,electrician
3880,cleaner
3880,electrician
3881,house-rental
3881,plumber
3881,electrician
3881,movers
3882,carpenter
3882,plumber
3882,electrician
3883,painter
3883,house-rental
3883,electrician
3884,carpenter
3884,cleaner
3884,movers
3885,house-rental
3885,plumber
3885,cleaner
3885,movers
3886,internet-setup
3886,house-rental
3886,plumber
3886,electrician
3887,internet-setup
3887,house-rental
3887,plumber
3887,movers
3888,carpenter
3888,cleaner
3888,movers
3889,plumber
3889,cleaner
3890,plumber
3890,cleaner
3891,carpenter
3891,house-rental
3891,painter
3892,internet-setup
3892,movers
3893,carpenter
3893,plumber
3893,electrician
3894,plumber
3894,electrician
3895,cleaner
3896,cleaner
3896,movers
3897,cleaner
3898,plumber
3899,house-rental
3899,plumber
3899,cleaner
3899,movers
3900,carpenter
3900,plumber
3900,cleaner
3901,internet-setup
3901,house-rental
3902,house-rental
3902,plumber
3902,cleaner
3902,movers
3903,painter
3903,plumber
3903,electrician
3904,internet-setup
3904,electrician
3905,house-rental
3905,plumber
3905,electrician
3905,movers
3906,plumber
3907,cleaner
3907,movers
3908,cleaner
3908,house-rental
3908,plumber
3908,electrician
3909,electrician
3910,electrician
3911,plumber
3911,cleaner
3912,carpenter
3912,internet-setup
3912,cleaner
3912,movers
3913,painter
3913,plumber
3913,electrician
3914,carpenter
3914,house-rental
3914,painter
3914,electrician
3915,painter
3915,plumber
3915,electrician
3916,cleaner
3917,house-rental
3917,plumber
3917,electrician
3917,movers
3918,carpenter
3918,electrician
3919,painter
3920,carpenter
3920,painter
3921,painter
3921,cleaner
3922,plumber
3923,painter
3923,electrician
3924,carpenter
3924,painter
3925,carpenter
3925,internet-setup
3925,painter
3925,movers
3926,house-rental
3926,plumber
3926,movers
3927,plumber
3927,cleaner
3928,cleaner
3928,house-rental
3928,electrician
3929,painter
3929,electrician
3930,electrician
3931,plumber
3931,electrician
3932,house-rental
3932,plumber
3932,electrician
3932,movers
3933,carpenter
3933,cleaner
3933,plumber
3933,electrician
3934,cleaner
3935,house-rental
3935,electrician
3935,movers
3936,carpenter
3936,plumber
3936,painter
3936,electrician
3937,house-rental
3937,plumber
3937,electrician
3937,movers
3938,cleaner
3938,house-rental
3938,plumber
3938,electrician
3939,carpenter
3939,painter
3939,electrician
3939,movers
3940,carpenter
3941,plumber
3942,house-rental
3942,plumber
3942,electrician
3942,movers
3943,internet-setup
3943,house-rental
3943,cleaner
3943,movers
3944,house-rental
3944,plumber
3944,electrician
3944,movers
3945,carpenter
3945,plumber
3945,electrician
3946,house-rental
3946,plumber
3946,movers
3947,internet-setup
3947,house-rental
3947,plumber
3947,cleaner
3948,cleaner
3948,movers
3949,internet-setup
3949,carpenter
3950,carpenter
3950,cleaner
3950,movers
3951,cleaner
3951,house-rental
3951,electrician
3951,movers
3952,house-rental
3952,plumber
3952,cleaner
3952,movers
3953,cleaner
3953,house-rental
3953,plumber
3953,electrician
3954,carpenter
3954,internet-setup
3954,cleaner
3954,movers
3955,electrician
3956,cleaner
3956,house-rental
3956,plumber
3956,electrician
3957,carpenter
3957,plumber
3957,painter
3958,cleaner
3959,carpenter
3959,house-rental
3959,painter
3959,electrician
3960,house-rental
3960,plumber
3960,cleaner
3960,movers
3961,painter
3962,carpenter
3962,painter
3963,internet-setup
3963,house-rental
3963,electrician
3963,movers
3964,painter
3964,electrician
3965,cleaner
3965,movers
3966,electrician
3966,cleaner
3966,movers
3967,internet-setup
3967,house-rental
3967,cleaner
3967,movers
3968,internet-setup
3968,house-rental
3968,painter
3968,cleaner
3969,movers
3970,house-rental
3970,cleaner
3970,movers
3971,movers
3972,house-rental
3972,plumber
3972,cleaner
3972,movers
3973,internet-setup
3973,house-rental
3973,painter
3973,cleaner
3974,plumber
3974,electrician
3975,movers
3976,internet-setup
3976,movers
3977,house-rental
3977,cleaner
3977,movers
3978,cleaner
3979,internet-setup
3979,house-rental
3980,plumber
3980,electrician
3981,house-rental
3982,cleaner
3982,house-rental
3982,electrician
3982,movers
3983,cleaner
3983,movers
3984,house-rental
3984,plumber
3984,cleaner
3984,movers
3985,carpenter
3985,electrician
3986,house-rental
3986,electrician
3986,movers
3987,cleaner
3988,carpenter
3988,plumber
3989,carpenter
3989,internet-setup
3989,house-rental
3989,movers
3990,house-rental
3990,movers
3991,house-rental
3991,plumber
3991,electrician
3991,movers
3992,house-rental
3992,plumber
3992,electrician
3992,movers
3993,carpenter
3993,plumber
3993,painter
3993,electrician
3994,plumber
3994,electrician
3995,carpenter
3995,house-rental
3995,plumber
3995,cleaner
3996,internet-setup
3997,plumber
3998,internet-setup
3998,movers
3999,cleaner
4000,internet-setup
4000,house-rental
4000,plumber
4000,electrician
4001,painter
4002,internet-setup
4002,house-rental
4003,painter
4003,electrician
4004,internet-setup
4004,cleaner
4004,movers
4005,internet-setup
4005,house-rental
4006,carpenter
4006,painter
4007,carpenter
4008,carpenter
4008,plumber
4008,electrician
4009,internet-setup
4010,painter
4010,electrician
4011,internet-setup
4011,house-rental
4011,cleaner
4011,movers
4012,internet-setup
4012,house-rental
4012,cleaner
4012,movers
4013,house-rental
4013,plumber
4013,electrician
4013,movers
4014,cleaner
4014,movers
4015,plumber
4015,electrician
4016,house-rental
4016,plumber
4017,internet-setup
4017,house-rental
4017,cleaner
4017,movers
4018,internet-setup
4018,house-rental
4018,plumber
4018,electrician
4019,plumber
4019,electrician
4020,carpenter
4021,carpenter
4021,painter
4022,carpenter
4022,internet-setup
4022,movers
4023,painter
4023,cleaner
4023,movers
4024,carpenter
4024,painter
4025,internet-setup
4026,house-rental
4026,cleaner
4026,electrician
4027,plumber
4028,cleaner
4028,house-rental
4028,electrician
4028,movers
4029,carpenter
4030,house-rental
4030,electrician
4030,cleaner
4030,movers
4031,cleaner
4032,internet-setup
4032,movers
4033,house-rental
4033,electrician
4034,house-rental
4034,electrician
4035,cleaner
4035,movers
4036,carpenter
4036,plumber
4037,cleaner
4037,movers
4038,internet-setup
4039,plumber
4039,electrician
4040,house-rental
4040,movers
4041,electrician
4042,painter
4043,house-rental
4043,plumber
4043,electrician
4043,movers
4044,carpenter
4044,house-rental
4044,cleaner
4044,movers
4045,internet-setup
4045,house-rental
4045,electrician
4045,movers
4046,house-rental
4046,plumber
4046,movers
4047,plumber
4047,cleaner
4048,plumber
4049,plumber
4050,carpenter
4051,plumber
4052,cleaner
4053,house-rental
4053,painter
4053,movers
4054,cleaner
4055,internet-setup
4055,house-rental
4055,plumber
4055,cleaner
4056,electrician
4057,carpenter
4057,internet-setup
4057,cleaner
4057,movers
4058,house-rental
4058,plumber
4058,cleaner
4058,movers
4059,carpenter
4059,movers
4060,house-rental
4060,plumber
4060,electrician
4060,movers
4061,painter
4061,electrician
4062,cleaner
4062,house-rental
4062,plumber
4062,electrician
4063,internet-setup
4063,painter
4063,cleaner
4063,movers
4064,painter
4065,internet-setup
4065,house-rental
4065,carpenter
4065,movers
4066,house-rental
4066,cleaner
4067,cleaner
4068,carpenter
4068,painter
4069,cleaner
4069,house-rental
4069,plumber
4069,electrician
4070,internet-setup
4071,internet-setup
4071,house-rental
4071,cleaner
4072,carpenter
4072,painter
4073,carpenter
4073,house-rental
4073,plumber
4074,house-rental
4074,plumber
4074,cleaner
4074,movers
4075,painter
4075,cleaner
4076,cleaner
4076,house-rental
4076,electrician
4076,internet-setup
4077,carpenter
4077,movers
4077,painter
4077,electrician
4078,plumber
4078,cleaner
4079,internet-setup
4079,house-rental
4079,cleaner
4079,movers
4080,painter
4080,house-rental
4080,plumber
4080,cleaner
4081,painter
4081,electrician
4082,carpenter
4082,plumber
4083,cleaner
4083,house-rental
4083,electrician
4083,movers
4084,carpenter
4084,plumber
4084,movers
4085,plumber
4086,internet-setup
4086,house-rental
4086,cleaner
4086,movers
4087,carpenter
4087,house-rental
4087,cleaner
4087,movers
4088,carpenter
4088,electrician
4089,cleaner
4089,movers
4090,painter
4090,electrician
4091,cleaner
4091,house-rental
4091,electrician
4091,movers
4092,carpenter
4092,painter
4092,electrician
4093,house-rental
4094,electrician
4095,carpenter
4095,electrician
4096,movers
4097,carpenter
4097,painter
4097,plumber
4097,electrician
4098,house-rental
4098,electrician
4098,movers
4099,house-rental
4099,plumber
4099,cleaner
4100,cleaner
4100,house-rental
4100,electrician
4100,movers
4101,internet-setup
4101,plumber
4101,cleaner
4101,movers
4102,carpenter
4102,plumber
4102,movers
4103,house-rental
4103,cleaner
4104,house-rental
4104,cleaner
4105,cleaner
4105,house-rental
4105,electrician
4105,internet-setup
4106,carpenter
4106,painter
4106,plumber
4106,electrician
4107,plumber
4107,electrician
4108,carpenter
4108,painter
4108,house-rental
4108,cleaner
4109,cleaner
4110,house-rental
4110,plumber
4110,cleaner
4111,plumber
4111,electrician
4112,carpenter
4112,electrician
4113,internet-setup
4114,cleaner
4115,internet-setup
4115,house-rental
4115,electrician
4116,cleaner
4116,house-rental
4116,plumber
4116,electrician
4117,internet-setup
4117,house-rental
4117,electrician
4117,movers
4118,plumber
4118,cleaner
4118,electrician
4119,internet-setup
4120,carpenter
4120,movers
4121,cleaner
4121,house-rental
4121,electrician
4121,movers
4122,internet-setup
4122,movers
4123,plumber
4124,painter
4124,electrician
4125,cleaner
4125,internet-setup
4125,plumber
4125,electrician
4126,cleaner
4126,plumber
4126,electrician
4127,house-rental
4127,plumber
4127,electrician
4127,movers
4128,plumber
4128,electrician
4129,painter
4130,house-rental
4130,plumber
4130,electrician
4130,movers
4131,painter
4132,house-rental
4132,cleaner
4132,movers
4133,internet-setup
4133,house-rental
4133,cleaner
4133,movers
4134,electrician
4135,carpenter
4135,painter
4135,electrician
4136,carpenter
4136,internet-setup
4136,house-rental
4136,movers
4137,carpenter
4137,painter
4138,plumber
4138,electrician
4139,plumber
4139,electrician
4140,house-rental
4140,plumber
4140,cleaner
4140,movers
4141,cleaner
4141,internet-setup
4141,plumber
4141,electrician
4142,carpenter
4142,electrician
4143,cleaner
4143,house-rental
4143,electrician
4143,internet-setup
4144,electrician
4145,plumber
4145,painter
4146,carpenter
4146,plumber
4146,electrician
4147,house-rental
4147,electrician
4148,painter
4149,cleaner
4150,house-rental
4150,plumber
4151,carpenter
4151,electrician
4152,internet-setup
4152,cleaner
4152,movers
4153,internet-setup
4153,house-rental
4153,electrician
4153,movers
4154,internet-setup
4155,carpenter
4155,painter
4156,cleaner
4157,electrician
4158,internet-setup
4158,movers
4159,house-rental
4159,plumber
4159,cleaner
4160,carpenter
4161,house-rental
4161,plumber
4162,carpenter
4162,plumber
4162,electrician
4163,electrician
4164,plumber
4165,plumber
4165,cleaner
4165,movers
4166,internet-setup
4166,house-rental
4166,carpenter
4166,cleaner
4167,plumber
4167,cleaner
4168,carpenter
4168,cleaner
4168,movers
4169,house-rental
4169,plumber
4170,house-rental
4170,cleaner
4171,plumber
4172,carpenter
4172,house-rental
4172,movers
4173,painter
4173,plumber
4173,electrician
4174,carpenter
4174,electrician
4175,painter
4176,internet-setup
4176,movers
4177,house-rental
4177,cleaner
4178,house-rental
4178,plumber
4178,electrician
4178,movers
4179,electrician
4179,movers
4180,cleaner
4180,movers
4181,cleaner
4181,movers
4182,house-rental
4182,cleaner
4183,internet-setup
4183,cleaner
4183,movers
4184,cleaner
4184,electrician
4185,movers
4186,house-rental
4186,cleaner
4187,internet-setup
4188,cleaner
4188,house-rental
4188,plumber
4188,electrician
4189,electrician
4190,plumber
4190,cleaner
4190,movers
4191,internet-setup
4191,house-rental
4191,movers
4192,carpenter
4192,house-rental
4192,internet-setup
4193,plumber
4193,cleaner
4194,carpenter
4194,electrician
4195,plumber
4196,internet-setup
4196,plumber
4196,electrician
4197,plumber
4198,electrician
4199,internet-setup
4200,cleaner
4200,plumber
4200,electrician
4201,internet-setup
4201,movers
4202,internet-setup
4202,cleaner
4202,movers
4203,internet-setup
4204,house-rental
4204,cleaner
4205,cleaner
4205,house-rental
4205,electrician
4205,movers
4206,cleaner
4207,house-rental
4207,cleaner
4208,internet-setup
4209,house-rental
4209,plumber
4209,painter
4209,movers
4210,cleaner
4210,electrician
4211,painter
4211,cleaner
4211,movers
4212,house-rental
4212,electrician
4212,movers
4213,carpenter
4213,movers
4214,house-rental
4214,plumber
4214,painter
4214,movers
4215,plumber
4215,electrician
4216,painter
4216,cleaner
4216,movers
4217,painter
4217,house-rental
4217,cleaner
4217,movers
4218,house-rental
4218,cleaner
4219,carpenter
4219,house-rental
4219,electrician
4219,movers
4220,house-rental
4220,plumber
4220,electrician
4220,movers
4221,house-rental
4221,cleaner
4222,plumber
4222,cleaner
4223,carpenter
4223,house-rental
4223,plumber
4223,cleaner
4224,painter
4224,plumber
4224,electrician
4225,house-rental
4225,plumber
4225,electrician
4226,painter
4226,electrician
4227,house-rental
4227,cleaner
4227,movers
4228,internet-setup
4228,movers
4229,plumber
4229,electrician
4230,internet-setup
4230,house-rental
4230,electrician
4230,movers
4231,internet-setup
4231,house-rental
4231,plumber
4231,electrician
4232,cleaner
4233,carpenter
4233,cleaner
4233,movers
4234,house-rental
4234,plumber
4234,cleaner
4234,movers
4235,plumber
4235,electrician
4236,house-rental
4236,electrician
4237,carpenter
4237,house-rental
4237,electrician
4237,movers
4238,house-rental
4238,cleaner
4239,plumber
4239,cleaner
4240,internet-setup
4240,house-rental
4240,movers
4241,plumber
4242,internet-setup
4242,plumber
4243,house-rental
4243,cleaner
4243,movers
4244,cleaner
4244,house-rental
4244,plumber
4244,electrician
4245,carpenter
4245,painter
4245,electrician
4246,carpenter
4246,house-rental
4246,plumber
4247,cleaner
4247,house-rental
4247,plumber
4247,electrician
4248,internet-setup
4248,house-rental
4248,plumber
4249,internet-setup
4250,house-rental
4250,plumber
4250,cleaner
4251,painter
4251,plumber
4251,electrician
4252,cleaner
4252,house-rental
4252,electrician
4252,movers
4253,house-rental
4253,cleaner
4253,electrician
4254,carpenter
4254,painter
4255,house-rental
4255,electrician
4255,movers
4256,house-rental
4256,plumber
4256,cleaner
4256,movers
4257,plumber
4257,electrician
4258,internet-setup
4258,movers
4259,house-rental
4259,plumber
4259,cleaner
4260,plumber
4260,electrician
4261,carpenter
4262,painter
4263,painter
4263,house-rental
4263,cleaner
4263,movers
4264,carpenter
4264,house-rental
4264,plumber
4265,plumber
4265,electrician
4266,carpenter
4266,house-rental
4266,electrician
4266,movers
4267,movers
4268,cleaner
4268,house-rental
4268,plumber
4268,electrician
4269,plumber
4269,cleaner
4270,carpenter
4270,plumber
4270,electrician
4271,house-rental
4271,plumber
4271,cleaner
4271,movers
4272,house-rental
4272,plumber
4272,cleaner
4272,movers
4273,carpenter
4273,cleaner
4273,movers
4274,electrician
4274,cleaner
4274,movers
4275,house-rental
4275,movers
4276,painter
4277,painter
4277,cleaner
4278,internet-setup
4278,house-rental
4278,movers
4279,carpenter
4279,plumber
4279,painter
4280,carpenter
4280,plumber
4280,painter
4281,carpenter
4281,internet-setup
4281,plumber
4282,cleaner
4282,house-rental
4282,electrician
4282,movers
4283,internet-setup
4283,painter
4283,cleaner
4284,plumber
4284,electrician
4285,carpenter
4285,internet-setup
4285,movers
4286,cleaner
4287,carpenter
4287,house-rental
4287,plumber
4288,cleaner
4288,movers
4289,internet-setup
4289,house-rental
4289,movers
4290,internet-setup
4290,house-rental
4290,plumber
4290,movers
4291,painter
4291,house-rental
4291,cleaner
4291,movers
4292,cleaner
4292,house-rental
4292,electrician
4292,movers
4293,electrician
4294,plumber
4294,electrician
4295,house-rental
4295,plumber
4295,electrician
4296,house-rental
4296,plumber
4296,cleaner
4296,movers
4297,internet-setup
4298,internet-setup
4298,movers
4299,cleaner
4300,carpenter
4300,house-rental
4300,movers
4301,internet-setup
4301,electrician
4301,cleaner
4301,movers
4302,internet-setup
4303,internet-setup
4303,house-rental
4303,plumber
4303,cleaner
4304,cleaner
4305,internet-setup
4305,house-rental
4305,cleaner
4305,movers
4306,plumber
4307,cleaner
4307,house-rental
4307,electrician
4307,internet-setup
4308,plumber
4308,electrician
4309,carpenter
4309,house-rental
4309,electrician
4310,carpenter
4310,painter
4311,house-rental
4311,plumber
4311,cleaner
4311,movers
4312,carpenter
4312,plumber
4313,carpenter
4313,plumber
4313,painter
4314,cleaner
4314,house-rental
4314,electrician
4314,movers
4315,carpenter
4315,house-rental
4315,cleaner
4315,movers
4316,cleaner
4316,plumber
4316,electrician
4317,carpenter
4317,house-rental
4317,painter
4318,cleaner
4318,house-rental
4318,electrician
4318,internet-setup
4319,plumber
4319,electrician
4320,carpenter
4320,electrician
4321,plumber
4322,carpenter
4322,internet-setup
4322,electrician
4323,carpenter
4323,plumber
4323,electrician
4324,cleaner
4324,house-rental
4324,plumber
4324,electrician
4325,house-rental
4325,plumber
4325,cleaner
4325,movers
4326,internet-setup
4326,house-rental
4326,carpenter
4326,cleaner
4327,internet-setup
4327,painter
4327,cleaner
4328,plumber
4329,plumber
4329,electrician
4330,internet-setup
4330,house-rental
4330,plumber
4330,cleaner
4331,house-rental
4331,cleaner
4331,movers
4332,carpenter
4333,house-rental
4333,electrician
4334,carpenter
4334,painter
4335,cleaner
4335,house-rental
4335,plumber
4335,electrician
4336,carpenter
4336,painter
4337,cleaner
4338,house-rental
4338,electrician
4338,movers
4339,carpenter
4339,house-rental
4339,movers
4340,carpenter
4341,house-rental
4341,painter
4341,movers
4342,plumber
4343,plumber
4344,internet-setup
4345,carpenter
4345,plumber
4345,electrician
4346,electrician
4347,cleaner
4348,painter
4348,cleaner
4349,plumber
4349,electrician
4349,movers
4350,cleaner
4350,house-rental
4350,carpenter
4350,electrician
4351,house-rental
4351,cleaner
4352,painter
4353,painter
4353,electrician
4354,carpenter
4354,plumber
4354,electrician
4355,internet-setup
4355,house-rental
4355,cleaner
4355,movers
4356,carpenter
4356,house-rental
4356,electrician
4357,house-rental
4357,plumber
4357,cleaner
4357,movers
4358,plumber
4358,electrician
4359,cleaner
4359,house-rental
4359,electrician
4359,movers
4360,cleaner
4360,house-rental
4360,plumber
4360,electrician
4361,carpenter
4361,painter
4361,electrician
4362,painter
4362,house-rental
4362,cleaner
4363,plumber
4364,internet-setup
4364,house-rental
4364,electrician
4364,movers
4365,carpenter
4366,plumber
4366,electrician
4367,electrician
4368,internet-setup
4368,cleaner
4368,movers
4369,movers
4370,carpenter
4371,electrician
4372,painter
4372,electrician
4373,house-rental
4373,cleaner
4374,plumber
4374,electrician
4375,internet-setup
4375,house-rental
4375,plumber
4376,cleaner
4376,house-rental
4376,plumber
4376,electrician
4377,house-rental
4377,cleaner
4377,movers
4378,plumber
4378,electrician
4379,plumber
4379,electrician
4380,plumber
4381,carpenter
4381,painter
4382,carpenter
4383,cleaner
4383,movers
4384,painter
4384,electrician
4385,internet-setup
4385,cleaner
4385,movers
4386,cleaner
4386,house-rental
4386,plumber
4386,electrician
4387,internet-setup
4387,painter
4388,house-rental
4388,plumber
4388,electrician
4388,movers
4389,internet-setup
4390,cleaner
4390,electrician
4391,cleaner
4391,carpenter
4391,painter
4392,house-rental
4392,plumber
4392,cleaner
4392,movers
4393,house-rental
4393,plumber
4393,electrician
4394,plumber
4394,electrician
4395,house-rental
4395,plumber
4395,electrician
4395,movers
4396,cleaner
4396,movers
4397,cleaner
4397,house-rental
4397,plumber
4397,electrician
4398,internet-setup
4398,house-rental
4398,cleaner
4398,movers
4399,house-rental
4399,plumber
4399,electrician
4399,movers
4400,plumber
4401,carpenter
4401,painter
4402,cleaner
4403,house-rental
4403,plumber
4403,electrician
4403,movers
4404,cleaner
4404,house-rental
4404,plumber
4404,electrician
4405,house-rental
4405,cleaner
4406,internet-setup
4406,movers
4407,cleaner
4407,house-rental
4407,electrician
4407,movers
4408,carpenter
4408,painter
4408,electrician
4409,house-rental
4409,plumber
4410,plumber
4410,electrician
4411,house-rental
4411,plumber
4411,electrician
4411,movers
4412,internet-setup
4413,internet-setup
4413,movers
4414,internet-setup
4414,house-rental
4414,cleaner
4414,movers
4415,carpenter
4416,movers
4417,painter
4418,cleaner
4418,house-rental
4418,electrician
4418,movers
4419,cleaner
4420,carpenter
4420,cleaner
4420,movers
4421,painter
4421,house-rental
4421,cleaner
4422,cleaner
4422,house-rental
4422,electrician
4422,movers
4423,house-rental
4423,plumber
4423,cleaner
4424,carpenter
4424,plumber
4424,electrician
4425,plumber
4426,carpenter
4426,plumber
4426,electrician
4427,plumber
4427,electrician
4428,internet-setup
4428,house-rental
4428,plumber
4428,movers
4429,carpenter
4429,plumber
4429,painter
4430,house-rental
4430,plumber
4430,electrician
4430,movers
4431,carpenter
4431,painter
4432,house-rental
4432,cleaner
4433,cleaner
4433,plumber
4433,electrician
4434,carpenter
4434,electrician
4435,house-rental
4435,plumber
4435,electrician
4435,movers
4436,plumber
4436,electrician
4437,house-rental
4437,plumber
4437,electrician
4437,movers
4438,cleaner
4438,house-rental
4438,electrician
4438,movers
4439,cleaner
4439,house-rental
4439,electrician
4439,internet-setup
4440,carpenter
4440,cleaner
4440,movers
4441,carpenter
4442,cleaner
4442,house-rental
4442,carpenter
4442,electrician
4443,carpenter
4443,plumber
4443,movers
4444,house-rental
4444,cleaner
4445,cleaner
4445,movers
4446,carpenter
4446,plumber
4447,house-rental
4447,plumber
4447,cleaner
4447,movers
4448,plumber
4448,electrician
4449,internet-setup
4449,house-rental
4450,internet-setup
4450,movers
4451,carpenter
4451,painter
4452,cleaner
4452,movers
4453,movers
4454,house-rental
4454,plumber
4454,cleaner
4454,movers
4455,cleaner
4455,plumber
4455,electrician
4456,internet-setup
4456,carpenter
4456,movers
4457,cleaner
4457,movers
4458,carpenter
4458,plumber
4458,cleaner
4459,carpenter
4459,plumber
4459,electrician
4460,cleaner
4461,carpenter
4461,painter
4461,plumber
4461,electrician
4462,plumber
4463,internet-setup
4463,painter
4463,electrician
4464,carpenter
4464,electrician
4465,internet-setup
4465,cleaner
4465,movers
4466,cleaner
4466,movers
4467,cleaner
4467,electrician
4468,house-rental
4468,plumber
4468,cleaner
4468,movers
4469,cleaner
4469,movers
4470,plumber
4470,electrician
4471,cleaner
4471,movers
4472,painter
4473,house-rental
4473,plumber
4473,cleaner
4473,movers
4474,cleaner
4474,movers
4475,carpenter
4475,painter
4475,house-rental
4475,electrician
4476,carpenter
4476,internet-setup
4476,cleaner
4476,movers
4477,house-rental
4477,plumber
4477,electrician
4477,movers
4478,plumber
4479,internet-setup
4479,house-rental
4479,plumber
4479,cleaner
4480,plumber
4480,painter
4481,carpenter
4481,internet-setup
4481,cleaner
4481,movers
4482,house-rental
4482,cleaner
4482,movers
4483,electrician
4484,house-rental
4484,plumber
4484,cleaner
4484,movers
4485,carpenter
4485,electrician
4486,internet-setup
4487,house-rental
4487,plumber
4487,electrician
4487,movers
4488,internet-setup
4488,house-rental
4488,plumber
4488,movers
4489,internet-setup
4489,movers
4490,cleaner
4490,movers
4491,plumber
4492,carpenter
4492,house-rental
4492,movers
4493,cleaner
4493,house-rental
4493,electrician
4493,movers
4494,painter
4495,internet-setup
4495,house-rental
4495,cleaner
4495,movers
4496,cleaner
4497,plumber
4497,electrician
4498,carpenter
4498,painter
4498,house-rental
4498,electrician
4499,internet-setup
4499,electrician
4500,plumber
4501,cleaner
4501,house-rental
4501,electrician
4501,movers
4502,cleaner
4502,movers
4503,carpenter
4503,movers
4504,internet-setup
4504,house-rental
4504,cleaner
4504,movers
4505,internet-setup
4505,house-rental
4505,plumber
4506,internet-setup
4506,movers
4507,house-rental
4507,plumber
4507,electrician
4507,movers
4508,house-rental
4508,electrician
4508,movers
4509,internet-setup
4509,house-rental
4509,carpenter
4510,internet-setup
4510,movers
4511,internet-setup
4511,house-rental
4511,plumber
4511,electrician
4512,cleaner
4512,house-rental
4512,plumber
4512,electrician
4513,internet-setup
4513,cleaner
4513,movers
4514,cleaner
4514,house-rental
4514,plumber
4514,electrician
4515,electrician
4516,carpenter
4516,movers
4517,internet-setup
4517,house-rental
4517,movers
4518,carpenter
4518,painter
4518,electrician
4519,movers
4520,cleaner
4520,movers
4521,cleaner
4521,house-rental
4521,electrician
4521,movers
4522,internet-setup
4522,house-rental
4522,painter
4523,carpenter
4523,painter
4523,electrician
4524,internet-setup
4525,house-rental
4525,movers
4526,carpenter
4527,carpenter
4527,house-rental
4527,plumber
4527,movers
4528,plumber
4528,cleaner
4529,cleaner
4529,movers
4530,plumber
4530,electrician
4530,movers
4531,carpenter
4532,plumber
4532,electrician
4532,movers
4533,painter
4533,electrician
4534,cleaner
4534,house-rental
4534,electrician
4534,internet-setup
4535,house-rental
4535,plumber
4535,movers
4536,internet-setup
4536,house-rental
4536,plumber
4536,cleaner
4537,internet-setup
4538,carpenter
4539,carpenter
4539,movers
4540,house-rental
4540,painter
4541,house-rental
4541,cleaner
4542,cleaner
4543,house-rental
4543,plumber
4543,electrician
4543,movers
4544,carpenter
4544,plumber
4545,carpenter
4545,electrician
4546,carpenter
4546,electrician
4547,carpenter
4547,painter
4547,electrician
4548,painter
4548,cleaner
4548,movers
4549,plumber
4549,cleaner
4550,internet-setup
4550,house-rental
4550,plumber
4550,carpenter
4551,carpenter
4551,plumber
4552,internet-setup
4553,cleaner
4553,movers
4554,movers
4555,carpenter
4555,painter
4555,electrician
4556,plumber
4557,cleaner
4558,carpenter
4558,plumber
4558,electrician
4559,house-rental
4559,cleaner
4560,painter
4560,house-rental
4560,electrician
4561,cleaner
4561,movers
4562,plumber
4562,painter
4562,electrician
4563,painter
4563,electrician
4564,carpenter
4564,house-rental
4564,electrician
4565,internet-setup
4565,house-rental
4565,cleaner
4565,movers
4566,house-rental
4566,cleaner
4567,house-rental
4567,plumber
4567,electrician
4567,movers
4568,cleaner
4569,carpenter
4569,house-rental
4569,electrician
4570,cleaner
4570,electrician
4571,internet-setup
4571,cleaner
4571,movers
4572,painter
4572,cleaner
4572,movers
4573,plumber
4574,carpenter
4574,painter
4574,electrician
4575,carpenter
4575,plumber
4576,house-rental
4576,plumber
4576,cleaner
4576,movers
4577,plumber
4578,movers
4579,carpenter
4579,cleaner
4579,plumber
4579,electrician
4580,carpenter
4581,carpenter
4582,house-rental
4582,plumber
4582,electrician
4582,movers
4583,plumber
4583,electrician
4584,movers
4585,internet-setup
4585,house-rental
4585,cleaner
4585,movers
4586,house-rental
4586,movers
4587,carpenter
4587,painter
4588,electrician
4589,plumber
4590,house-rental
4590,plumber
4590,painter
4590,movers
4591,cleaner
4591,house-rental
4591,electrician
4591,movers
4592,internet-setup
4592,cleaner
4592,movers
4593,plumber
4594,house-rental
4594,cleaner
4595,carpenter
4595,internet-setup
4595,cleaner
4595,movers
4596,house-rental
4596,painter
4596,movers
4597,carpenter
4597,house-rental
4597,plumber
4597,electrician
4598,cleaner
4598,movers
4599,carpenter
4599,plumber
4599,painter
4600,cleaner
4600,house-rental
4600,plumber
4600,electrician
4601,cleaner
4602,carpenter
4602,plumber
4603,cleaner
4603,house-rental
4603,plumber
4603,electrician
4604,cleaner
4604,movers
4605,plumber
4605,electrician
4606,carpenter
4606,plumber
4606,electrician
4607,carpenter
4608,carpenter
4608,painter
4609,carpenter
4609,electrician
4610,painter
4610,electrician
4610,movers
4611,house-rental
4611,cleaner
4612,plumber
4612,cleaner
4613,internet-setup
4613,movers
4614,house-rental
4614,cleaner
4614,movers
4615,electrician
4616,carpenter
4616,painter
4617,carpenter
4617,painter
4617,electrician
4618,cleaner
4618,house-rental
4618,electrician
4618,internet-setup
4619,cleaner
4619,movers
4620,cleaner
4620,house-rental
4620,electrician
4621,plumber
4622,internet-setup
4622,house-rental
4622,movers
4623,carpenter
4623,painter
4624,house-rental
4624,plumber
4625,internet-setup
4625,house-rental
4625,cleaner
4625,movers
4626,plumber
4626,electrician
4627,house-rental
4627,cleaner
4627,movers
4628,movers
4629,carpenter
4629,plumber
4629,electrician
4630,electrician
4631,painter
4631,electrician
4632,internet-setup
4632,house-rental
4632,cleaner
4632,movers
4633,carpenter
4633,painter
4634,painter
4634,house-rental
4634,cleaner
4634,movers
4635,house-rental
4635,plumber
4635,electrician
4636,house-rental
4636,plumber
4636,movers
4637,painter
4638,carpenter
4638,cleaner
4638,electrician
4639,house-rental
4639,plumber
4639,cleaner
4640,electrician
4641,painter
4641,cleaner
4641,movers
4642,carpenter
4642,painter
4643,carpenter
4643,painter
4643,cleaner
4643,electrician
4644,carpenter
4644,painter
4644,plumber
4644,electrician
4645,carpenter
4645,internet-setup
4645,cleaner
4645,movers
4646,house-rental
4646,cleaner
4646,movers
4647,plumber
4648,carpenter
4648,painter
4649,internet-setup
4649,house-rental
4649,plumber
4650,cleaner
4650,movers
4651,plumber
4652,cleaner
4653,carpenter
4653,plumber
4653,electrician
4654,cleaner
4655,plumber
4655,painter
4656,painter
4656,cleaner
4656,movers
4657,carpenter
4657,electrician
4657,movers
4658,electrician
4659,painter
4659,cleaner
4660,carpenter
4660,plumber
4661,painter
4661,cleaner
4662,painter
4662,house-rental
4662,cleaner
4663,carpenter
4663,painter
4664,house-rental
4664,plumber
4664,electrician
4664,movers
4665,carpenter
4665,electrician
4666,house-rental
4666,cleaner
4667,house-rental
4667,plumber
4667,electrician
4667,movers
4668,carpenter
4668,plumber
4668,electrician
4669,house-rental
4669,plumber
4669,movers
4670,cleaner
4670,movers
4671,house-rental
4671,plumber
4672,plumber
4672,electrician
4673,internet-setup
4673,painter
4673,electrician
4674,cleaner
4674,house-rental
4674,plumber
4674,electrician
4675,electrician
4676,internet-setup
4676,house-rental
4676,plumber
4676,cleaner
4677,internet-setup
4678,house-rental
4678,plumber
4678,electrician
4678,movers
4679,plumber
4679,electrician
4680,internet-setup
4681,carpenter
4682,internet-setup
4682,movers
4683,electrician
4684,internet-setup
4684,movers
4685,painter
4685,electrician
4686,internet-setup
4686,painter
4687,house-rental
4687,cleaner
4687,movers
4688,internet-setup
4688,house-rental
4688,cleaner
4689,plumber
4690,plumber
4690,electrician
4691,cleaner
4691,house-rental
4691,electrician
4691,movers
4692,carpenter
4692,plumber
4693,carpenter
4693,house-rental
4693,electrician
4693,movers
4694,cleaner
4694,house-rental
4694,plumber
4694,electrician
4695,plumber
4695,cleaner
4696,house-rental
4696,cleaner
4697,electrician
4698,electrician
4699,carpenter
4699,internet-setup
4699,cleaner
4699,movers
4700,internet-setup
4700,house-rental
4700,cleaner
4701,internet-setup
4702,carpenter
4702,painter
4702,electrician
4703,plumber
4704,carpenter
4704,house-rental
4704,electrician
4705,internet-setup
4705,house-rental
4705,plumber
4705,electrician
4706,cleaner
4706,movers
4707,plumber
4708,house-rental
4708,plumber
4708,electrician
4709,internet-setup
4709,movers
4710,carpenter
4710,plumber
4710,electrician
4711,cleaner
4712,house-rental
4712,cleaner
4712,movers
4713,cleaner
4714,carpenter
4714,painter
4714,electrician
4715,cleaner
4716,internet-setup
4716,house-rental
4716,movers
4717,carpenter
4717,electrician
4718,painter
4718,electrician
4719,painter
4719,cleaner
4720,carpenter
4721,house-rental
4721,plumber
4721,cleaner
4721,movers
4722,internet-setup
4722,painter
4722,cleaner
4722,movers
4723,carpenter
4723,internet-setup
4723,cleaner
4723,movers
4724,cleaner
4724,house-rental
4724,electrician
4724,movers
4725,carpenter
4725,electrician
4726,house-rental
4726,plumber
4726,electrician
4726,movers
4727,carpenter
4727,plumber
4727,painter
4727,electrician
4728,electrician
4729,internet-setup
4730,painter
4731,painter
4731,house-rental
4731,cleaner
4732,carpenter
4732,electrician
4733,internet-setup
4733,movers
4734,cleaner
4734,movers
4735,cleaner
4735,house-rental
4735,plumber
4735,electrician
4736,carpenter
4736,internet-setup
4736,cleaner
4736,movers
4737,carpenter
4737,electrician
4738,carpenter
4738,plumber
4738,cleaner
4738,electrician
4739,house-rental
4739,plumber
4739,cleaner
4740,plumber
4741,painter
4742,plumber
4743,carpenter
4743,electrician
4744,carpenter
4744,painter
4745,plumber
4745,painter
4746,painter
4746,cleaner
4746,movers
4747,plumber
4747,electrician
4748,carpenter
4748,electrician
4749,plumber
4749,cleaner
4750,plumber
4751,painter
4752,house-rental
4752,plumber
4752,electrician
4752,movers
4753,internet-setup
4753,house-rental
4753,electrician
4753,movers
4754,painter
4754,house-rental
4754,cleaner
4754,internet-setup
4755,cleaner
4755,movers
4756,house-rental
4756,plumber
4756,electrician
4757,house-rental
4757,plumber
4757,electrician
4757,movers
4758,internet-setup
4758,cleaner
4758,movers
4759,plumber
4760,painter
4760,plumber
4760,electrician
4761,house-rental
4761,cleaner
4761,movers
4762,internet-setup
4762,house-rental
4762,cleaner
4763,carpenter
4763,painter
4764,painter
4764,cleaner
4765,house-rental
4765,cleaner
4766,cleaner
4766,plumber
4766,electrician
4767,painter
4768,plumber
4768,electrician
4769,cleaner
4770,carpenter
4770,painter
4771,house-rental
4771,electrician
4771,movers
4772,carpenter
4772,electrician
4773,house-rental
4773,electrician
4773,movers
4774,internet-setup
4774,house-rental
4774,plumber
4774,cleaner
4775,house-rental
4775,plumber
4775,electrician
4775,movers
4776,carpenter
4776,painter
4776,electrician
4777,internet-setup
4778,cleaner
4778,movers
4779,house-rental
4779,plumber
4779,cleaner
4780,house-rental
4780,plumber
4780,electrician
4780,movers
4781,house-rental
4781,plumber
4781,electrician
4782,internet-setup
4782,movers
4783,internet-setup
4783,house-rental
4784,plumber
4784,painter
4785,plumber
4785,movers
4786,internet-setup
4787,carpenter
4787,plumber
4788,cleaner
4788,plumber
4788,electrician
4789,carpenter
4789,electrician
4789,cleaner
4789,movers
4790,house-rental
4790,cleaner
4791,internet-setup
4791,house-rental
4791,plumber
4791,movers
4792,electrician
4793,internet-setup
4793,house-rental
4793,carpenter
4794,cleaner
4794,movers
4795,carpenter
4796,cleaner
4796,electrician
4797,internet-setup
4797,house-rental
4797,cleaner
4797,movers
4798,house-rental
4798,cleaner
4799,house-rental
4799,electrician
4799,movers
4800,carpenter
4800,plumber
4800,cleaner
4801,plumber
4801,electrician
4802,internet-setup
4802,house-rental
4802,movers
4803,internet-setup
4803,house-rental
4803,electrician
4804,movers
4805,internet-setup
4805,movers
4806,house-rental
4806,plumber
4806,cleaner
4806,movers
4807,internet-setup
4807,plumber
4807,cleaner
4807,movers
4808,painter
4809,painter
4809,electrician
4810,house-rental
4810,painter
4810,movers
4811,plumber
4811,electrician
4812,internet-setup
4812,house-rental
4812,plumber
4813,plumber
4813,electrician
4814,cleaner
4814,house-rental
4814,electrician
4814,movers
4815,internet-setup
4815,house-rental
4815,movers
4816,house-rental
4816,cleaner
4817,internet-setup
4817,movers
4818,carpenter
4818,painter
4818,house-rental
4818,electrician
4819,carpenter
4819,plumber
4819,electrician
4820,carpenter
4820,plumber
4820,electrician
4821,carpenter
4821,plumber
4821,cleaner
4822,internet-setup
4823,carpenter
4823,painter
4824,carpenter
4824,cleaner
4824,movers
4825,painter
4825,plumber
4825,house-rental
4825,electrician
4826,cleaner
4826,house-rental
4826,electrician
4827,house-rental
4827,plumber
4827,electrician
4827,movers
4828,painter
4828,electrician
4829,plumber
4829,cleaner
4830,cleaner
4830,house-rental
4830,plumber
4830,electrician
4831,house-rental
4831,plumber
4831,electrician
4831,movers
4832,internet-setup
4832,movers
4833,cleaner
4834,house-rental
4834,plumber
4834,painter
4834,movers
4835,plumber
4835,cleaner
4836,carpenter
4836,plumber
4837,internet-setup
4837,house-rental
4837,painter
4837,electrician
4838,carpenter
4838,plumber
4838,cleaner
4839,cleaner
4840,plumber
4840,electrician
4841,carpenter
4841,internet-setup
4841,cleaner
4841,movers
4842,internet-setup
4842,house-rental
4842,plumber
4842,electrician
4843,cleaner
4844,cleaner
4844,house-rental
4844,plumber
4844,electrician
4845,cleaner
4846,internet-setup
4846,house-rental
4846,electrician
4846,movers
4847,carpenter
4847,house-rental
4847,electrician
4848,carpenter
4849,carpenter
4849,plumber
4849,electrician
4850,electrician
4851,cleaner
4851,movers
4852,cleaner
4853,cleaner
4854,plumber
4855,house-rental
4855,cleaner
4855,movers
4856,plumber
4857,carpenter
4857,plumber
4857,electrician
4858,cleaner
4858,house-rental
4858,electrician
4858,internet-setup
4859,carpenter
4859,plumber
4860,carpenter
4860,painter
4861,cleaner
4861,movers
4862,carpenter
4862,plumber
4863,internet-setup
4863,house-rental
4864,cleaner
4864,house-rental
4864,carpenter
4864,electrician
4865,internet-setup
4865,house-rental
4865,movers
4866,movers
4867,carpenter
4867,painter
4867,electrician
4868,internet-setup
4868,painter
4868,plumber
4868,electrician
4869,electrician
4870,movers
4871,cleaner
4871,house-rental
4871,plumber
4871,electrician
4872,house-rental
4872,plumber
4872,cleaner
4872,movers
4873,internet-setup
4873,house-rental
4873,painter
4873,cleaner
4874,carpenter
4874,house-rental
4874,movers
4875,carpenter
4876,plumber
4876,electrician
4877,carpenter
4877,electrician
4878,electrician
4879,internet-setup
4879,house-rental
4879,movers
4880,electrician
4881,carpenter
4881,cleaner
4881,electrician
4882,painter
4882,house-rental
4882,plumber
4882,cleaner
4883,carpenter
4883,painter
4884,cleaner
4884,movers
4885,internet-setup
4885,cleaner
4885,movers
4886,internet-setup
4886,house-rental
4887,internet-setup
4888,internet-setup
4889,carpenter
4889,plumber
4889,cleaner
4890,painter
4891,carpenter
4891,painter
4892,internet-setup
4892,house-rental
4892,plumber
4892,movers
4893,house-rental
4893,cleaner
4893,movers
4894,carpenter
4894,plumber
4895,cleaner
4895,house-rental
4895,electrician
4895,movers
4896,plumber
4897,internet-setup
4897,house-rental
4897,plumber
4897,electrician
4898,painter
4898,plumber
4898,electrician
4899,house-rental
4899,plumber
4899,electrician
4899,movers
4900,painter
4900,plumber
4900,house-rental
4900,electrician
4901,house-rental
4901,plumber
4901,electrician
4901,movers
4902,cleaner
4902,movers
4903,carpenter
4903,painter
4904,carpenter
4904,house-rental
4904,plumber
4904,electrician
4905,carpenter
4905,painter
4906,cleaner
4907,internet-setup
4907,house-rental
4907,plumber
4907,cleaner
4908,carpenter
4909,carpenter
4909,painter
4910,carpenter
4910,painter
4911,house-rental
4911,plumber
4911,electrician
4911,movers
4912,carpenter
4912,house-rental
4912,plumber
4912,electrician
4913,cleaner
4913,house-rental
4913,electrician
4913,movers
4914,painter
4914,cleaner
4915,internet-setup
4915,house-rental
4916,painter
4916,electrician
4917,internet-setup
4917,cleaner
4917,movers
4918,house-rental
4918,plumber
4918,cleaner
4918,movers
4919,electrician
4920,internet-setup
4920,house-rental
4921,internet-setup
4921,house-rental
4921,cleaner
4922,house-rental
4922,plumber
4922,electrician
4922,movers
4923,carpenter
4924,plumber
4924,electrician
4925,cleaner
4925,electrician
4926,house-rental
4926,electrician
4926,cleaner
4926,movers
4927,internet-setup
4927,house-rental
4928,carpenter
4928,painter
4928,electrician
4929,house-rental
4929,electrician
4930,house-rental
4930,plumber
4930,electrician
4931,plumber
4931,electrician
4932,carpenter
4932,plumber
4932,cleaner
4933,cleaner
4933,house-rental
4933,plumber
4933,electrician
4934,carpenter
4935,carpenter
4935,electrician
4936,plumber
4936,electrician
4937,house-rental
4937,plumber
4937,cleaner
4938,painter
4938,movers
4939,cleaner
4939,house-rental
4939,electrician
4939,movers
4940,carpenter
4941,painter
4941,plumber
4941,electrician
4942,house-rental
4942,cleaner
4943,cleaner
4944,internet-setup
4944,house-rental
4944,cleaner
4944,movers
4945,painter
4945,house-rental
4945,electrician
4945,movers
4946,house-rental
4946,plumber
4946,electrician
4946,movers
4947,carpenter
4947,plumber
4948,cleaner
4948,house-rental
4948,plumber
4948,electrician
4949,cleaner
4950,internet-setup
4950,house-rental
4950,electrician
4951,painter
4951,electrician
4952,house-rental
4952,plumber
4952,cleaner
4953,house-rental
4953,plumber
4953,cleaner
4953,movers
4954,carpenter
4954,painter
4954,plumber
4954,electrician
4955,house-rental
4955,plumber
4955,cleaner
4955,movers
4956,house-rental
4956,plumber
4956,electrician
4956,movers
4957,house-rental
4957,plumber
4957,movers
4958,house-rental
4958,cleaner
4959,carpenter
4959,plumber
4960,house-rental
4960,movers
4961,house-rental
4961,plumber
4961,electrician
4962,cleaner
4962,movers
4963,house-rental
4963,plumber
4963,cleaner
4963,movers
4964,painter
4964,cleaner
4964,movers
4965,internet-setup
4965,house-rental
4965,cleaner
4965,movers
4966,cleaner
4966,movers
4967,house-rental
4967,plumber
4967,electrician
4967,movers
4968,carpenter
4968,cleaner
4969,plumber
4969,cleaner
4970,house-rental
4970,plumber
4970,cleaner
4970,movers
4971,cleaner
4971,house-rental
4971,electrician
4971,internet-setup
4972,cleaner
4972,movers
4973,internet-setup
4973,house-rental
4973,carpenter
4973,electrician
4974,carpenter
4974,painter
4975,carpenter
4975,painter
4975,electrician
4976,cleaner
4976,house-rental
4976,electrician
4976,internet-setup
4977,carpenter
4977,painter
4977,plumber
4977,electrician
4978,plumber
4979,carpenter
4979,house-rental
4979,cleaner
4979,movers
4980,cleaner
4981,house-rental
4981,plumber
4981,electrician
4982,cleaner
4982,movers
4983,carpenter
4984,cleaner
4985,internet-setup
4985,movers
4986,internet-setup
4987,internet-setup
4987,house-rental
4987,movers
4988,house-rental
4988,plumber
4988,cleaner
4988,movers
4989,plumber
4989,electrician
4990,plumber
4991,carpenter
4991,painter
4992,plumber
4992,painter
4993,house-rental
4993,plumber
4993,electrician
4993,movers
4994,electrician
4994,movers
4995,house-rental
4995,movers
4996,carpenter
4996,painter
4997,cleaner
4998,plumber
4998,electrician
4999,movers
5000,plumber
5000,electrician
5001,carpenter
5001,cleaner
5001,painter
5002,house-rental
5002,plumber
5002,cleaner
5002,movers
5003,internet-setup
5004,carpenter
5005,house-rental
5005,cleaner
5005,movers
5006,house-rental
5006,plumber
5006,cleaner
5006,movers
5007,carpenter
5007,plumber
5007,electrician
5008,painter
5008,cleaner
5008,movers
5009,carpenter
5009,electrician
5010,cleaner
5011,cleaner
5011,painter
5012,carpenter
5012,cleaner
5012,movers
5013,carpenter
5013,electrician
5014,electrician
5015,plumber
5015,cleaner
5016,house-rental
5016,plumber
5016,movers
5017,cleaner
5017,house-rental
5017,electrician
5017,movers
5018,internet-setup
5018,house-rental
5018,movers
5019,carpenter
5019,house-rental
5019,plumber
5019,electrician
5020,electrician
5021,cleaner
5021,house-rental
5021,plumber
5021,electrician
5022,painter
5022,cleaner
5023,internet-setup
5023,house-rental
5023,cleaner
5023,movers
5024,plumber
5024,electrician
5025,carpenter
5026,house-rental
5026,cleaner
5027,carpenter
5027,internet-setup
5028,carpenter
5028,house-rental
5028,plumber
5029,cleaner
5030,electrician
5031,painter
5032,carpenter
5032,painter
5032,plumber
5032,electrician
5033,painter
5034,painter
5034,plumber
5034,electrician
5035,carpenter
5035,plumber
5035,electrician
5036,house-rental
5036,plumber
5037,house-rental
5037,plumber
5037,painter
5037,movers
5038,carpenter
5038,plumber
5039,cleaner
5039,movers
5040,carpenter
5040,painter
5040,movers
5041,cleaner
5042,carpenter
5042,internet-setup
5042,plumber
5043,carpenter
5043,house-rental
5043,plumber
5043,movers
5044,internet-setup
5044,house-rental
5044,cleaner
5045,carpenter
5045,painter
5046,cleaner
5046,house-rental
5046,electrician
5047,carpenter
5047,internet-setup
5047,movers
5048,carpenter
5048,painter
5049,house-rental
5049,plumber
5049,electrician
5049,movers
5050,carpenter
5050,house-rental
5050,electrician
5051,cleaner
5052,plumber
5052,electrician
5053,carpenter
5053,cleaner
5054,painter
5055,cleaner
5055,house-rental
5055,electrician
5055,movers
5056,internet-setup
5056,house-rental
5056,carpenter
5056,electrician
5057,cleaner
5057,movers
5058,electrician
5059,movers
5060,cleaner
5060,house-rental
5060,electrician
5060,internet-setup
5061,carpenter
5061,painter
5061,movers
5062,electrician
5063,internet-setup
5063,house-rental
5063,cleaner
5063,movers
5064,house-rental
5064,movers
5065,carpenter
5065,plumber
5066,electrician
5067,plumber
5067,electrician
5068,cleaner
5068,house-rental
5068,painter
5068,electrician
5069,plumber
5070,painter
5070,cleaner
5071,plumber
5071,electrician
5072,plumber
5072,electrician
5073,carpenter
5073,internet-setup
5073,cleaner
5073,movers
5074,cleaner
5074,movers
5075,internet-setup
5075,movers
5076,painter
5076,cleaner
5076,movers
5077,painter
5078,cleaner
5078,movers
5079,internet-setup
5080,cleaner
5081,electrician
5082,cleaner
5082,house-rental
5082,electrician
5082,movers
5083,carpenter
5083,internet-setup
5083,movers
5084,painter
5084,electrician
5085,plumber
5085,cleaner
5086,painter
5087,carpenter
5087,internet-setup
5087,house-rental
5087,movers
5088,electrician
5089,plumber
5089,cleaner
5090,cleaner
5090,house-rental
5090,electrician
5090,movers
5091,house-rental
5091,plumber
5092,house-rental
5092,plumber
5092,electrician
5092,movers
5093,internet-setup
5093,cleaner
5093,movers
5094,carpenter
5094,house-rental
5094,plumber
5094,cleaner
5095,cleaner
5095,house-rental
5095,electrician
5095,internet-setup
5096,house-rental
5096,plumber
5096,cleaner
5096,movers
5097,cleaner
5097,house-rental
5097,plumber
5097,electrician
5098,cleaner
5099,house-rental
5099,cleaner
5100,cleaner
5100,house-rental
5100,electrician
5100,internet-setup
5101,cleaner
5101,house-rental
5101,plumber
5101,electrician
5102,carpenter
5102,painter
5103,carpenter
5103,painter
5104,carpenter
5104,plumber
5104,electrician
5105,plumber
5106,carpenter
5106,plumber
5106,electrician
5107,electrician
5108,carpenter
5108,plumber
5109,cleaner
5110,carpenter
5110,painter
5110,electrician
5111,plumber
5111,electrician
5112,internet-setup
5112,cleaner
5112,movers
5113,internet-setup
5113,house-rental
5113,movers
5114,cleaner
5114,house-rental
5114,electrician
5114,movers
5115,house-rental
5115,movers
5116,carpenter
5116,plumber
5116,electrician
5117,cleaner
5118,plumber
5118,electrician
5119,carpenter
5119,painter
5119,electrician
5120,plumber
5121,carpenter
5121,cleaner
5121,movers
5122,internet-setup
5123,painter
5123,cleaner
5123,movers
5124,house-rental
5124,plumber
5124,electrician
5124,movers
5125,internet-setup
5126,plumber
5127,carpenter
5127,electrician
5128,cleaner
5128,movers
5129,house-rental
5129,plumber
5129,cleaner
5129,movers
5130,plumber
5131,internet-setup
5131,house-rental
5131,cleaner
5131,movers
5132,carpenter
5133,movers
5134,electrician
5135,house-rental
5135,plumber
5135,painter
5135,movers
5136,painter
5136,plumber
5136,electrician
5137,carpenter
5137,painter
5138,house-rental
5138,plumber
5138,movers
5139,internet-setup
5139,house-rental
5139,cleaner
5139,movers
5140,internet-setup
5140,house-rental
5140,plumber
5140,cleaner
5141,carpenter
5141,internet-setup
5141,plumber
5142,electrician
5143,cleaner
5143,house-rental
5143,plumber
5143,electrician
5144,electrician
5145,cleaner
5145,house-rental
5145,electrician
5145,internet-setup
5146,house-rental
5146,cleaner
5146,movers
5147,carpenter
5147,electrician
5148,carpenter
5148,painter
5148,electrician
5149,plumber
5149,electrician
5150,painter
5150,electrician
5151,carpenter
5151,plumber
5151,electrician
5152,house-rental
5152,plumber
5152,electrician
5153,plumber
5153,electrician
5154,internet-setup
5154,house-rental
5155,electrician
5156,painter
5156,house-rental
5156,cleaner
5156,movers
5157,internet-setup
5157,cleaner
5157,movers
5158,house-rental
5158,plumber
5159,internet-setup
5159,house-rental
5159,electrician
5159,movers
5160,cleaner
5161,plumber
5162,carpenter
5162,painter
5163,cleaner
5163,house-rental
5163,electrician
5164,carpenter
5164,plumber
5164,electrician
5165,cleaner
5165,house-rental
5165,plumber
5165,electrician
5166,plumber
5167,cleaner
5167,house-rental
5167,electrician
5167,movers
5168,cleaner
5169,internet-setup
5169,house-rental
5169,movers
5170,carpenter
5170,painter
5170,electrician
5171,cleaner
5171,house-rental
5171,electrician
5171,movers
5172,painter
5172,plumber
5172,electrician
5173,house-rental
5173,movers
5174,carpenter
5175,cleaner
5175,movers
5176,cleaner
5176,electrician
5177,plumber
5177,electrician
5178,cleaner
5178,movers
5179,cleaner
5179,house-rental
5179,electrician
5179,movers
5180,carpenter
5180,plumber
5180,painter
5181,internet-setup
5182,carpenter
5182,plumber
5182,painter
5183,house-rental
5183,painter
5184,house-rental
5184,plumber
5184,electrician
5184,movers
5185,house-rental
5185,plumber
5185,electrician
5185,movers
5186,plumber
5187,cleaner
5187,house-rental
5187,electrician
5187,internet-setup
5188,movers
5189,house-rental
5189,cleaner
5190,carpenter
5190,internet-setup
5190,electrician
5191,house-rental
5191,plumber
5192,plumber
5193,plumber
5194,carpenter
5194,electrician
5195,carpenter
5195,house-rental
5195,cleaner
5195,movers
5196,cleaner
5197,internet-setup
5197,house-rental
5197,plumber
5197,movers
5198,carpenter
5199,cleaner
5200,carpenter
5200,painter
5201,electrician
5201,movers
5202,cleaner
5202,movers
5203,plumber
5203,electrician
5204,carpenter
5204,house-rental
5204,plumber
5204,electrician
5205,electrician
5206,carpenter
5206,house-rental
5206,plumber
5207,carpenter
5207,plumber
5207,electrician
5208,internet-setup
5208,electrician
5208,cleaner
5208,movers
5209,carpenter
5210,carpenter
5210,house-rental
5210,plumber
5210,electrician
5211,carpenter
5211,movers
5212,carpenter
5212,painter
5213,electrician
5214,internet-setup
5214,movers
5215,cleaner
5215,house-rental
5215,electrician
5215,internet-setup
5216,carpenter
5216,house-rental
5216,plumber
5216,electrician
5217,cleaner
5218,house-rental
5218,plumber
5218,cleaner
5218,movers
5219,internet-setup
5219,house-rental
5219,movers
5220,painter
5220,cleaner
5220,electrician
5221,cleaner
5221,house-rental
5221,plumber
5221,electrician
5222,carpenter
5222,internet-setup
5222,cleaner
5222,movers
5223,cleaner
5223,movers
5224,cleaner
5225,cleaner
5226,plumber
5226,electrician
5227,electrician
5228,carpenter
5228,plumber
5229,house-rental
5229,cleaner
5230,house-rental
5230,plumber
5230,electrician
5230,movers
5231,carpenter
5231,house-rental
5231,plumber
5231,cleaner
5232,carpenter
5232,house-rental
5232,plumber
5232,electrician
5233,internet-setup
5233,cleaner
5233,movers
5234,internet-setup
5235,house-rental
5235,cleaner
5236,carpenter
5237,cleaner
5237,house-rental
5237,electrician
5237,movers
5238,internet-setup
5238,house-rental
5238,carpenter
5238,cleaner
5239,carpenter
5239,plumber
5239,cleaner
5240,internet-setup
5240,plumber
5241,plumber
5242,internet-setup
5242,cleaner
5242,movers
5243,house-rental
5243,plumber
5243,cleaner
5244,carpenter
5244,painter
5244,plumber
5244,electrician
5245,plumber
5245,electrician
5246,painter
5246,house-rental
5246,cleaner
5246,movers
5247,house-rental
5247,cleaner
5248,carpenter
5248,plumber
5248,electrician
5249,plumber
5250,house-rental
5250,plumber
5250,electrician
5250,movers
5251,house-rental
5251,movers
5252,painter
5252,house-rental
5252,plumber
5252,cleaner
5253,internet-setup
5253,cleaner
5254,internet-setup
5254,movers
5255,internet-setup
5255,house-rental
5255,cleaner
5255,movers
5256,carpenter
5256,electrician
5257,cleaner
5257,house-rental
5257,plumber
5257,electrician
5258,electrician
5259,house-rental
5259,plumber
5259,electrician
5259,movers
5260,internet-setup
5260,house-rental
5261,house-rental
5261,electrician
5261,movers
5262,house-rental
5262,cleaner
5262,electrician
5263,cleaner
5263,house-rental
5263,plumber
5263,electrician
5264,plumber
5264,electrician
5265,house-rental
5265,cleaner
5266,painter
5266,cleaner
5267,internet-setup
5267,house-rental
5267,electrician
5268,house-rental
5268,plumber
5268,electrician
5268,movers
5269,house-rental
5269,cleaner
5270,carpenter
5270,painter
5271,plumber
5271,electrician
5272,internet-setup
5272,house-rental
5272,plumber
5272,cleaner
5273,painter
5273,movers
5274,internet-setup
5274,movers
5275,painter
5275,plumber
5275,electrician
5276,plumber
5277,house-rental
5277,cleaner
5277,movers
5278,house-rental
5278,plumber
5278,electrician
5278,movers
5279,internet-setup
5279,house-rental
5279,plumber
5280,house-rental
5280,plumber
5280,cleaner
5280,movers
5281,carpenter
5281,house-rental
5281,painter
5281,electrician
5282,cleaner
5282,house-rental
5282,electrician
5282,movers
5283,electrician
5284,plumber
5284,cleaner
5284,movers
5285,carpenter
5285,electrician
5286,house-rental
5287,carpenter
5287,house-rental
5287,cleaner
5287,movers
5288,internet-setup
5288,movers
5289,internet-setup
5289,house-rental
5289,plumber
5289,cleaner
5290,electrician
5291,house-rental
5291,plumber
5291,electrician
5291,movers
5292,plumber
5292,cleaner
5293,plumber
5294,internet-setup
5294,house-rental
5294,movers
5295,painter
5295,electrician
5296,house-rental
5296,plumber
5296,cleaner
5296,movers
5297,house-rental
5297,cleaner
5297,movers
5298,carpenter
5298,painter
5299,painter
5300,cleaner
5301,painter
5301,electrician
5301,movers
5302,painter
5303,carpenter
5303,painter
5304,cleaner
5304,movers
5305,electrician
5306,house-rental
5306,electrician
5306,movers
5307,internet-setup
5307,movers
5308,plumber
5309,carpenter
5310,internet-setup
5310,carpenter
5310,movers
5311,house-rental
5311,plumber
5311,cleaner
5311,movers
5312,cleaner
5312,painter
5312,electrician
5313,carpenter
5313,painter
5314,carpenter
5314,house-rental
5314,electrician
5314,movers
5315,electrician
5316,plumber
5316,electrician
5317,carpenter
5317,house-rental
5317,cleaner
5318,internet-setup
5318,movers
5319,plumber
5320,house-rental
5320,plumber
5320,electrician
5321,internet-setup
5322,house-rental
5322,plumber
5323,cleaner
5323,house-rental
5323,electrician
5323,movers
5324,carpenter
5324,plumber
5324,electrician
5325,internet-setup
5325,movers
5326,house-rental
5326,plumber
5326,electrician
5326,movers
5327,cleaner
5328,carpenter
5328,painter
5329,house-rental
5329,movers
5330,movers
5331,cleaner
5331,movers
5332,house-rental
5332,plumber
5332,cleaner
5332,movers
5333,internet-setup
5333,cleaner
5333,movers
5334,internet-setup
5334,house-rental
5334,cleaner
5334,movers
5335,cleaner
5335,house-rental
5335,painter
5335,electrician
5336,plumber
5337,electrician
5338,plumber
5338,electrician
5339,internet-setup
5339,cleaner
5339,movers
5340,house-rental
5340,plumber
5340,electrician
5340,movers
5341,internet-setup
5341,house-rental
5341,movers
5342,movers
5343,internet-setup
5343,house-rental
5343,cleaner
5343,movers
5344,cleaner
5344,house-rental
5344,carpenter
5344,electrician
5345,internet-setup
5346,internet-setup
5346,house-rental
5346,electrician
5346,movers
5347,cleaner
5347,painter
5348,carpenter
5349,painter
5350,carpenter
5351,carpenter
5351,electrician
5352,house-rental
5352,plumber
5353,internet-setup
5353,house-rental
5353,plumber
5353,movers
5354,house-rental
5354,plumber
5354,electrician
5354,movers
5355,cleaner
5356,house-rental
5356,plumber
5356,electrician
5357,plumber
5357,electrician
5358,movers
5359,internet-setup
5359,house-rental
5359,plumber
5359,electrician
5360,cleaner
5360,movers
5361,cleaner
5361,movers
5362,house-rental
5362,plumber
5362,cleaner
5362,movers
5363,house-rental
5363,plumber
5363,electrician
5363,movers
5364,cleaner
5364,plumber
5364,electrician
5365,plumber
5365,cleaner
5366,house-rental
5366,cleaner
5366,movers
5367,carpenter
5367,electrician
5368,house-rental
5368,plumber
5368,electrician
5368,movers
5369,painter
5369,house-rental
5369,cleaner
5369,movers
5370,carpenter
5370,plumber
5370,cleaner
5370,movers
5371,cleaner
5372,internet-setup
5372,house-rental
5372,cleaner
5372,movers
5373,cleaner
5373,movers
5374,internet-setup
5374,house-rental
5374,painter
5374,cleaner
5375,house-rental
5375,plumber
5375,electrician
5375,movers
5376,carpenter
5376,internet-setup
5376,cleaner
5376,movers
5377,house-rental
5377,cleaner
5377,movers
5378,internet-setup
5379,house-rental
5379,plumber
5379,cleaner
5379,movers
5380,painter
5381,internet-setup
5381,movers
5382,carpenter
5382,internet-setup
5382,cleaner
5382,movers
5383,plumber
5384,cleaner
5384,house-rental
5384,electrician
5385,carpenter
5385,painter
5386,carpenter
5386,internet-setup
5386,house-rental
5386,movers
5387,carpenter
5387,plumber
5388,electrician
5389,cleaner
5389,house-rental
5389,plumber
5389,electrician
5390,carpenter
5391,carpenter
5391,internet-setup
5391,cleaner
5391,movers
5392,carpenter
5392,painter
5392,plumber
5392,electrician
5393,painter
5393,house-rental
5393,plumber
5393,electrician
5394,cleaner
5394,house-rental
5394,electrician
5394,movers
5395,house-rental
5395,plumber
5395,electrician
5395,movers
5396,house-rental
5396,painter
5396,movers
5397,plumber
5397,electrician
5398,carpenter
5398,internet-setup
5398,plumber
5399,electrician
5400,painter
5400,house-rental
5400,electrician
5401,carpenter
5401,plumber
5401,electrician
5402,house-rental
5402,painter
5403,carpenter
5403,plumber
5404,plumber
5404,movers
5405,painter
5406,internet-setup
5406,house-rental
5406,plumber
5406,cleaner
5407,plumber
5407,electrician
5408,house-rental
5408,electrician
5408,cleaner
5408,movers
5409,painter
5409,house-rental
5409,plumber
5409,cleaner
5410,plumber
5410,electrician
5411,internet-setup
5411,painter
5411,movers
5412,electrician
5413,carpenter
5414,painter
5414,cleaner
5415,internet-setup
5416,house-rental
5416,electrician
5417,internet-setup
5417,house-rental
5417,movers
5418,internet-setup
5418,house-rental
5418,plumber
5418,movers
5419,painter
5419,house-rental
5419,electrician
5419,movers
5420,internet-setup
5420,house-rental
5420,plumber
5420,cleaner
5421,carpenter
5421,cleaner
5421,electrician
5422,cleaner
5423,internet-setup
5424,carpenter
5424,plumber
5424,electrician
5425,internet-setup
5425,house-rental
5425,cleaner
5425,movers
5426,painter
5426,house-rental
5426,cleaner
5427,carpenter
5427,painter
5428,plumber
5429,electrician
5430,internet-setup
5430,house-rental
5430,plumber
5430,electrician
5431,painter
5432,carpenter
5432,house-rental
5432,plumber
5432,electrician
5433,carpenter
5433,painter
5434,internet-setup
5434,house-rental
5434,movers
5435,internet-setup
5435,house-rental
5435,cleaner
5436,cleaner
5437,house-rental
5437,plumber
5437,electrician
5438,plumber
5438,electrician
5439,internet-setup
5439,house-rental
5440,plumber
5441,carpenter
5441,cleaner
5441,plumber
5441,electrician
5442,carpenter
5443,plumber
5444,plumber
5445,house-rental
5445,plumber
5445,electrician
5445,movers
5446,house-rental
5446,cleaner
5446,movers
5447,plumber
5448,cleaner
5448,house-rental
5448,electrician
5448,movers
5449,house-rental
5449,cleaner
5449,movers
5450,carpenter
5450,electrician
5451,painter
5452,house-rental
5452,plumber
5453,carpenter
5453,painter
5454,carpenter
5454,internet-setup
5454,movers
5455,carpenter
5455,painter
5456,electrician
5456,cleaner
5456,movers
5457,cleaner
5458,carpenter
5458,plumber
5459,carpenter
5460,house-rental
5460,plumber
5460,movers
5461,internet-setup
5461,house-rental
5461,movers
5462,painter
5462,plumber
5462,house-rental
5462,electrician
5463,plumber
5463,electrician
5464,painter
5464,electrician
5465,cleaner
5466,internet-setup
5466,house-rental
5466,cleaner
5467,carpenter
5467,movers
5468,house-rental
5468,cleaner
5469,house-rental
5469,electrician
5469,movers
5470,internet-setup
5470,house-rental
5470,cleaner
5470,electrician
5471,painter
5472,internet-setup
5472,movers
5473,painter
5473,house-rental
5473,electrician
5474,house-rental
5474,cleaner
5475,internet-setup
5475,painter
5475,movers
5476,movers
5477,electrician
5478,painter
5479,painter
5480,cleaner
5480,internet-setup
5480,plumber
5480,electrician
5481,internet-setup
5481,house-rental
5481,movers
5482,house-rental
5482,cleaner
5482,movers
5483,plumber
5483,electrician
5484,house-rental
5484,plumber
5484,electrician
5485,cleaner
5485,house-rental
5485,electrician
5485,movers
5486,carpenter
5486,internet-setup
5486,movers
5487,cleaner
5487,movers
5488,carpenter
5488,plumber
5489,movers
5489,painter
5489,electrician
5490,electrician
5491,painter
5492,cleaner
5492,internet-setup
5492,plumber
5492,electrician
5493,carpenter
5493,painter
5493,plumber
5493,electrician
5494,movers
5495,house-rental
5495,plumber
5496,house-rental
5496,plumber
5496,cleaner
5496,movers
5497,carpenter
5497,plumber
5498,carpenter
5498,house-rental
5498,electrician
5498,movers
5499,carpenter
5499,cleaner
5499,movers
5500,plumber
5501,cleaner
5502,painter
5502,electrician
5503,painter
5503,house-rental
5503,cleaner
5503,electrician
5504,painter
5505,painter
5506,carpenter
5506,cleaner
5506,movers
5507,cleaner
5508,carpenter
5508,plumber
5509,cleaner
5509,house-rental
5509,plumber
5509,electrician
5510,internet-setup
5510,house-rental
5510,cleaner
5511,internet-setup
5512,painter
5513,cleaner
5513,painter
5513,electrician
5514,internet-setup
5514,movers
5515,cleaner
5515,movers
5516,house-rental
5516,cleaner
5517,plumber
5517,cleaner
5518,carpenter
5518,house-rental
5518,painter
5518,cleaner
5519,house-rental
5519,plumber
5519,electrician
5519,movers
5520,carpenter
5520,painter
5520,plumber
5520,electrician
5521,house-rental
5521,plumber
5521,electrician
5521,movers
5522,house-rental
5522,plumber
5522,electrician
5523,house-rental
5523,plumber
5523,electrician
5523,movers
5524,house-rental
5524,cleaner
5524,movers
5525,carpenter
5525,painter
5525,electrician
5526,house-rental
5526,movers
5527,carpenter
5527,painter
5528,carpenter
5528,internet-setup
5528,house-rental
5528,movers
5529,internet-setup
5530,house-rental
5530,cleaner
5531,house-rental
5531,plumber
5531,cleaner
5531,movers
5532,house-rental
5532,plumber
5532,movers
5533,internet-setup
5533,house-rental
5533,cleaner
5533,movers
5534,carpenter
5534,plumber
5535,painter
5536,carpenter
5536,electrician
5537,cleaner
5537,house-rental
5537,electrician
5537,movers
5538,carpenter
5538,house-rental
5538,movers
5539,cleaner
5539,house-rental
5539,plumber
5539,electrician
5540,house-rental
5540,electrician
5540,movers
5541,house-rental
5541,electrician
5541,movers
5542,carpenter
5542,plumber
5542,electrician
5543,house-rental
5543,plumber
5543,electrician
5543,movers
5544,cleaner
5544,house-rental
5544,electrician
5544,movers
5545,internet-setup
5545,movers
5546,internet-setup
5546,house-rental
5546,plumber
5546,cleaner
5547,electrician
5548,cleaner
5548,house-rental
5548,plumber
5548,electrician
5549,cleaner
5549,movers
5550,plumber
5551,plumber
5552,movers
5553,plumber
5553,electrician
5554,carpenter
5554,plumber
5554,cleaner
5555,cleaner
5556,cleaner
5556,house-rental
5556,electrician
5556,movers
5557,internet-setup
5557,carpenter
5557,movers
5558,cleaner
5558,movers
5559,cleaner
5559,movers
5560,carpenter
5560,house-rental
5560,electrician
5560,internet-setup
5561,painter
5562,internet-setup
5562,movers
5563,house-rental
5563,cleaner
5563,movers
5564,electrician
5565,cleaner
5565,house-rental
5565,electrician
5565,movers
5566,carpenter
5566,internet-setup
5566,movers
5567,carpenter
5567,plumber
5567,cleaner
5568,plumber
5569,plumber
5569,electrician
5570,plumber
5570,cleaner
5570,electrician
5571,cleaner
5572,electrician
5573,carpenter
5573,plumber
5573,electrician
5574,carpenter
5574,house-rental
5574,plumber
5574,cleaner
5575,carpenter
5575,house-rental
5575,movers
5576,internet-setup
5577,internet-setup
5577,house-rental
5577,movers
5578,electrician
5579,house-rental
5579,plumber
5579,cleaner
5579,movers
5580,house-rental
5580,movers
5581,plumber
5582,carpenter
5582,electrician
5583,plumber
5583,electrician
5584,carpenter
5584,plumber
5585,house-rental
5585,electrician
5586,carpenter
5586,internet-setup
5586,plumber
5586,movers
5587,cleaner
5588,cleaner
5588,house-rental
5588,electrician
5588,movers
5589,carpenter
5589,cleaner
5589,movers
5590,house-rental
5590,cleaner
5590,movers
5591,internet-setup
5591,house-rental
5591,plumber
5591,movers
5592,cleaner
5592,house-rental
5592,plumber
5592,electrician
5593,internet-setup
5593,house-rental
5593,plumber
5593,movers
5594,internet-setup
5594,house-rental
5594,painter
5595,cleaner
5596,internet-setup
5596,house-rental
5596,cleaner
5596,movers
5597,carpenter
5597,plumber
5597,electrician
5598,carpenter
5598,plumber
5599,carpenter
5599,cleaner
5599,plumber
5599,electrician
5600,house-rental
5600,plumber
5600,painter
5600,movers
5601,carpenter
5601,cleaner
5601,movers
5602,internet-setup
5602,house-rental
5603,carpenter
5603,internet-setup
5603,movers
5604,painter
5605,plumber
5606,carpenter
5606,painter
5607,carpenter
5607,house-rental
5607,movers
5608,cleaner
5609,painter
5610,internet-setup
5611,internet-setup
5612,movers
5613,internet-setup
5613,movers
5614,plumber
5614,electrician
5615,plumber
5616,movers
5617,house-rental
5617,cleaner
5618,cleaner
5619,house-rental
5619,plumber
5619,cleaner
5619,movers
5620,carpenter
5620,plumber
5621,house-rental
5621,plumber
5621,electrician
5622,house-rental
5622,cleaner
5622,movers
5623,carpenter
5623,plumber
5623,cleaner
5624,carpenter
5624,house-rental
5624,electrician
5624,movers
5625,carpenter
5625,plumber
5625,painter
5626,plumber
5627,painter
5628,internet-setup
5628,house-rental
5628,cleaner
5628,movers
5629,internet-setup
5629,house-rental
5629,painter
5629,electrician
5630,house-rental
5630,cleaner
5631,internet-setup
5632,carpenter
5632,house-rental
5632,electrician
5632,movers
5633,cleaner
5633,movers
5634,plumber
5635,internet-setup
5635,electrician
5636,house-rental
5636,plumber
5636,cleaner
5636,movers
5637,plumber
5638,internet-setup
5638,house-rental
5638,electrician
5638,movers
5639,internet-setup
5639,movers
5640,carpenter
5640,painter
5640,plumber
5640,electrician
5641,cleaner
5641,movers
5642,plumber
5642,electrician
5643,house-rental
5643,cleaner
5643,movers
5644,plumber
5644,electrician
5645,cleaner
5645,house-rental
5645,plumber
5645,electrician
5646,house-rental
5646,plumber
5646,cleaner
5646,movers
5647,painter
5647,electrician
5648,internet-setup
5648,house-rental
5648,plumber
5648,electrician
5649,cleaner
5650,carpenter
5650,electrician
5651,cleaner
5651,house-rental
5651,electrician
5651,movers
5652,electrician
5653,house-rental
5653,plumber
5653,electrician
5653,movers
5654,electrician
5655,cleaner
5656,cleaner
5657,painter
5658,carpenter
5658,plumber
5659,house-rental
5659,movers
5660,house-rental
5660,plumber
5660,electrician
5660,movers
5661,painter
5662,carpenter
5662,plumber
5662,electrician
5663,carpenter
5663,plumber
5664,plumber
5665,carpenter
5665,cleaner
5665,plumber
5665,painter
5666,cleaner
5666,house-rental
5666,plumber
5666,electrician
5667,house-rental
5667,cleaner
5668,house-rental
5668,plumber
5669,cleaner
5669,movers
5670,house-rental
5670,cleaner
5671,plumber
5671,electrician
5672,carpenter
5672,plumber
5673,carpenter
5673,painter
5673,electrician
5674,internet-setup
5674,plumber
5675,house-rental
5675,plumber
5675,electrician
5676,electrician
5676,cleaner
5676,movers
5677,house-rental
5677,plumber
5677,electrician
5677,movers
5678,plumber
5678,electrician
5679,carpenter
5679,plumber
5680,plumber
5681,carpenter
5681,electrician
5682,carpenter
5682,plumber
5683,carpenter
5683,movers
5684,house-rental
5684,plumber
5684,cleaner
5684,movers
5685,house-rental
5685,cleaner
5685,movers
5686,plumber
5687,internet-setup
5687,movers
5688,carpenter
5688,movers
5689,internet-setup
5690,carpenter
5690,internet-setup
5690,house-rental
5690,movers
5691,house-rental
5692,plumber
5692,electrician
5693,plumber
5693,cleaner
5694,carpenter
5694,internet-setup
5694,cleaner
5694,movers
5695,internet-setup
5695,plumber
5695,movers
5696,cleaner
5696,house-rental
5696,electrician
5696,movers
5697,internet-setup
5698,movers
5699,cleaner
5700,carpenter
5700,painter
5701,carpenter
5701,plumber
5701,painter
5702,carpenter
5702,electrician
5703,internet-setup
5703,house-rental
5703,cleaner
5703,movers
5704,plumber
5705,internet-setup
5705,house-rental
5705,plumber
5705,movers
5706,carpenter
5706,plumber
5707,internet-setup
5707,movers
5708,carpenter
5708,painter
5709,carpenter
5709,internet-setup
5709,movers
5710,house-rental
5710,plumber
5710,electrician
5710,movers
5711,internet-setup
5711,movers
5712,plumber
5712,electrician
5713,movers
5714,carpenter
5714,plumber
5715,plumber
5715,electrician
5716,house-rental
5716,cleaner
5717,plumber
5717,cleaner
5717,movers
5718,carpenter
5718,internet-setup
5718,movers
5719,carpenter
5720,internet-setup
5720,house-rental
5720,plumber
5721,internet-setup
5721,house-rental
5721,plumber
5721,painter
5722,cleaner
5722,house-rental
5722,plumber
5722,electrician
5723,movers
5724,cleaner
5724,movers
5725,house-rental
5725,plumber
5725,cleaner
5725,movers
5726,cleaner
5726,movers
5727,carpenter
5727,painter
5728,house-rental
5728,cleaner
5728,movers
5729,internet-setup
5729,house-rental
5729,cleaner
5729,movers
5730,cleaner
5730,house-rental
5730,electrician
5730,internet-setup
5731,house-rental
5731,plumber
5731,electrician
5731,movers
5732,plumber
5732,cleaner
5733,internet-setup
5733,house-rental
5733,cleaner
5734,internet-setup
5734,painter
5734,movers
5735,house-rental
5735,plumber
5735,cleaner
5735,movers
5736,house-rental
5736,plumber
5736,electrician
5736,movers
5737,carpenter
5738,house-rental
5738,plumber
5738,electrician
5738,movers
5739,house-rental
5739,cleaner
5739,movers
5740,internet-setup
5740,electrician
5740,movers
5741,cleaner
5741,house-rental
5741,electrician
5741,movers
5742,plumber
5743,painter
5744,house-rental
5744,cleaner
5745,electrician
5746,carpenter
5746,painter
5747,carpenter
5747,cleaner
5747,electrician
5748,painter
5748,cleaner
5749,carpenter
5749,plumber
5749,electrician
5750,house-rental
5750,plumber
5750,electrician
5750,movers
5751,internet-setup
5751,house-rental
5751,cleaner
5751,movers
5752,internet-setup
5752,house-rental
5752,carpenter
5752,cleaner
5753,electrician
5754,carpenter
5754,plumber
5754,electrician
5755,house-rental
5755,cleaner
5756,cleaner
5756,movers
5757,house-rental
5757,plumber
5757,electrician
5757,movers
5758,electrician
5759,carpenter
5759,house-rental
5759,painter
5760,painter
5760,electrician
5761,house-rental
5761,cleaner
5761,movers
5762,house-rental
5762,cleaner
5763,plumber
5763,cleaner
5764,cleaner
5764,house-rental
5764,electrician
5765,cleaner
5765,movers
5766,carpenter
5767,electrician
5768,house-rental
5768,plumber
5768,cleaner
5768,movers
5769,carpenter
5769,plumber
5769,electrician
5770,cleaner
5770,movers
5771,painter
5771,cleaner
5771,movers
5772,internet-setup
5772,house-rental
5773,plumber
5773,electrician
5774,house-rental
5774,plumber
5774,cleaner
5774,electrician
5775,house-rental
5775,plumber
5775,electrician
5776,carpenter
5776,electrician
5777,plumber
5777,electrician
5778,cleaner
5778,house-rental
5778,electrician
5778,internet-setup
5779,house-rental
5779,plumber
5779,cleaner
5780,cleaner
5780,house-rental
5780,plumber
5780,electrician
5781,carpenter
5781,house-rental
5781,cleaner
5782,cleaner
5782,house-rental
5782,electrician
5782,movers
5783,carpenter
5783,house-rental
5783,plumber
5783,movers
5784,cleaner
5784,house-rental
5784,plumber
5784,electrician
5785,plumber
5785,electrician
5786,carpenter
5786,plumber
5786,electrician
5787,painter
5787,movers
5788,plumber
5789,cleaner
5789,plumber
5789,electrician
5790,carpenter
5790,electrician
5791,house-rental
5791,cleaner
5791,movers
5792,plumber
5793,house-rental
5793,cleaner
5794,internet-setup
5794,carpenter
5795,house-rental
5795,plumber
5795,electrician
5795,movers
5796,internet-setup
5797,carpenter
5797,plumber
5797,electrician
5798,internet-setup
5798,movers
5799,carpenter
5799,plumber
5799,painter
5800,painter
5800,cleaner
5801,carpenter
5801,painter
5802,house-rental
5802,plumber
5802,movers
5803,carpenter
5803,house-rental
5803,movers
5804,carpenter
5804,movers
5805,house-rental
5805,plumber
5805,electrician
5805,movers
5806,carpenter
5807,house-rental
5807,plumber
5807,movers
5808,house-rental
5808,cleaner
5809,plumber
5809,electrician
5810,carpenter
5810,electrician
5811,plumber
5812,painter
5813,painter
5814,carpenter
5814,electrician
5815,cleaner
5815,house-rental
5815,electrician
5815,movers
5816,house-rental
5816,plumber
5817,electrician
5818,carpenter
5818,internet-setup
5818,electrician
5819,carpenter
5819,painter
5819,electrician
5820,internet-setup
5820,house-rental
5820,cleaner
5820,movers
5821,painter
5821,plumber
5821,electrician
5821,movers
5822,internet-setup
5822,house-rental
5822,plumber
5822,movers
5823,painter
5824,carpenter
5824,plumber
5824,electrician
5825,painter
5826,house-rental
5826,plumber
5826,electrician
5826,movers
5827,internet-setup
5828,plumber
5829,internet-setup
5829,house-rental
5830,carpenter
5830,plumber
5831,cleaner
5831,house-rental
5831,electrician
5831,movers
5832,cleaner
5833,painter
5834,carpenter
5834,internet-setup
5834,movers
5835,cleaner
5835,house-rental
5835,electrician
5835,movers
5836,internet-setup
5836,movers
5837,carpenter
5837,electrician
5838,carpenter
5838,painter
5839,internet-setup
5839,cleaner
5840,plumber
5841,electrician
5842,carpenter
5842,plumber
5843,carpenter
5843,plumber
5843,electrician
5844,painter
5844,electrician
5845,carpenter
5845,plumber
5845,electrician
5846,carpenter
5846,plumber
5846,electrician
5847,plumber
5847,painter
5847,movers
5848,carpenter
5848,plumber
5849,carpenter
5849,house-rental
5849,electrician
5849,movers
5850,carpenter
5851,cleaner
5851,house-rental
5851,electrician
5852,carpenter
5852,movers
5853,cleaner
5853,house-rental
5853,electrician
5853,internet-setup
5854,carpenter
5854,plumber
5855,carpenter
5855,house-rental
5855,cleaner
5856,carpenter
5856,plumber
5857,painter
5858,house-rental
5858,plumber
5858,electrician
5859,internet-setup
5859,house-rental
5859,plumber
5859,electrician
5860,painter
5860,house-rental
5860,electrician
5861,plumber
5861,electrician
5862,cleaner
5862,movers
5863,cleaner
5863,house-rental
5863,electrician
5864,electrician
5865,internet-setup
5866,carpenter
5866,plumber
5867,internet-setup
5867,house-rental
5867,plumber
5867,cleaner
5868,carpenter
5868,plumber
5869,plumber
5870,carpenter
5870,painter
5871,internet-setup
5871,house-rental
5871,plumber
5872,house-rental
5872,cleaner
5872,movers
5873,painter
5873,plumber
5873,electrician
5874,house-rental
5874,plumber
5874,electrician
5874,movers
5875,cleaner
5875,movers
5876,carpenter
5876,movers
5877,carpenter
5877,plumber
5877,electrician
5878,cleaner
5878,house-rental
5878,electrician
5878,movers
5879,carpenter
5879,painter
5879,electrician
5880,internet-setup
5880,electrician
5881,carpenter
5881,internet-setup
5881,painter
5882,carpenter
5883,house-rental
5883,plumber
5883,electrician
5883,movers
5884,internet-setup
5884,house-rental
5884,electrician
5884,movers
5885,carpenter
5885,electrician
5886,painter
5886,house-rental
5886,cleaner
5887,house-rental
5887,movers
5888,internet-setup
5888,house-rental
5888,movers
5889,cleaner
5889,movers
5890,internet-setup
5890,house-rental
5891,house-rental
5891,plumber
5891,electrician
5892,house-rental
5892,electrician
5892,movers
5893,internet-setup
5893,house-rental
5893,cleaner
5893,movers
5894,carpenter
5894,painter
5895,carpenter
5895,painter
5896,painter
5896,electrician
5897,cleaner
5897,house-rental
5897,electrician
5898,house-rental
5898,plumber
5898,electrician
5898,movers
5899,carpenter
5900,carpenter
5900,painter
5900,plumber
5900,electrician
5901,cleaner
5901,plumber
5901,electrician
5902,painter
5902,electrician
5903,house-rental
5903,plumber
5903,movers
5904,plumber
5904,electrician
5904,movers
5905,plumber
5906,house-rental
5906,cleaner
5907,house-rental
5907,plumber
5907,electrician
5907,movers
5908,carpenter
5908,plumber
5909,internet-setup
5910,carpenter
5910,plumber
5910,electrician
5911,internet-setup
5911,house-rental
5912,internet-setup
5912,house-rental
5912,plumber
5912,cleaner
5913,house-rental
5913,plumber
5913,electrician
5913,movers
5914,internet-setup
5915,carpenter
5915,plumber
5915,electrician
5916,house-rental
5916,cleaner
5916,movers
5917,house-rental
5917,cleaner
5918,cleaner
5918,house-rental
5918,plumber
5918,electrician
5919,cleaner
5919,electrician
5920,carpenter
5920,plumber
5921,plumber
5921,cleaner
5922,plumber
5923,cleaner
5923,house-rental
5923,plumber
5923,electrician
5924,cleaner
5924,movers
5925,carpenter
5925,painter
5926,cleaner
5926,house-rental
5926,electrician
5926,movers
5927,carpenter
5927,house-rental
5928,cleaner
5929,internet-setup
5930,painter
5930,electrician
5931,painter
5932,electrician
5933,cleaner
5934,house-rental
5934,plumber
5934,electrician
5935,house-rental
5935,plumber
5935,electrician
5936,house-rental
5936,movers
5937,cleaner
5938,painter
5938,cleaner
5938,movers
5939,house-rental
5939,plumber
5940,carpenter
5940,painter
5941,painter
5941,cleaner
5942,carpenter
5942,painter
5942,electrician
5943,carpenter
5944,painter
5945,house-rental
5945,plumber
5945,electrician
5945,movers
5946,carpenter
5947,painter
5947,electrician
5948,cleaner
5948,house-rental
5948,electrician
5948,movers
5949,cleaner
5949,movers
5950,cleaner
5950,house-rental
5950,electrician
5951,carpenter
5951,plumber
5951,electrician
5952,cleaner
5953,electrician
5954,electrician
5955,painter
5955,cleaner
5955,movers
5956,house-rental
5956,plumber
5956,electrician
5956,movers
5957,carpenter
5957,internet-setup
5957,movers
5958,house-rental
5958,plumber
5958,electrician
5959,carpenter
5959,painter
5959,electrician
5960,house-rental
5960,plumber
5960,electrician
5960,movers
5961,internet-setup
5962,painter
5962,electrician
5963,plumber
5963,electrician
5964,internet-setup
5964,house-rental
5964,carpenter
5964,movers
5965,carpenter
5965,cleaner
5966,plumber
5966,electrician
5967,carpenter
5967,painter
5968,carpenter
5968,house-rental
5968,electrician
5969,internet-setup
5969,house-rental
5969,cleaner
5969,movers
5970,house-rental
5970,plumber
5970,electrician
5970,movers
5971,cleaner
5971,house-rental
5971,plumber
5971,electrician
5972,internet-setup
5972,house-rental
5972,movers
5973,electrician
5974,house-rental
5974,plumber
5974,electrician
5974,movers
5975,internet-setup
5975,house-rental
5975,plumber
5975,electrician
5976,cleaner
5977,internet-setup
5977,house-rental
5977,movers
5978,internet-setup
5978,house-rental
5978,plumber
5978,cleaner
5979,internet-setup
5980,plumber
5980,electrician
5981,house-rental
5981,plumber
5981,cleaner
5982,painter
5982,electrician
5983,cleaner
5983,house-rental
5983,plumber
5983,electrician
5984,house-rental
5984,cleaner
5984,movers
5985,carpenter
5985,electrician
5986,house-rental
5986,plumber
5986,electrician
5986,movers
5987,cleaner
5988,house-rental
5988,movers
5989,internet-setup
5989,house-rental
5989,cleaner
5989,movers
5990,carpenter
5990,painter
5990,plumber
5990,electrician
5991,cleaner
5991,house-rental
5991,electrician
5991,movers
5992,cleaner
5992,movers
5993,cleaner
5994,painter
5994,cleaner
5995,house-rental
5995,plumber
5996,plumber
5996,electrician
5997,carpenter
5997,cleaner
5997,movers
5998,house-rental
5998,cleaner
5998,movers
5999,electrician
6000,carpenter
6000,plumber
